[09-Mar-2026 20:30:45 Asia/Kolkata] PHP Warning:  Undefined array key "phone" in C:\xampp\htdocs\store\admin\order_details.php on line 155
[09-Mar-2026 20:30:45 Asia/Kolkata] PHP Deprecated:  htmlspecialchars(): Passing null to parameter #1 ($string) of type string is deprecated in C:\xampp\htdocs\store\admin\order_details.php on line 155
[09-Mar-2026 20:31:14 Asia/Kolkata] PHP Warning:  Undefined array key "phone" in C:\xampp\htdocs\store\admin\order_details.php on line 155
[09-Mar-2026 20:31:14 Asia/Kolkata] PHP Deprecated:  htmlspecialchars(): Passing null to parameter #1 ($string) of type string is deprecated in C:\xampp\htdocs\store\admin\order_details.php on line 155
[11-Mar-2026 11:47:01 Asia/Kolkata] PHP Fatal error:  Uncaught mysqli_sql_exception: Unknown column 'setting_id' in 'field list' in C:\xampp\htdocs\store\tmp_smtp_migration.php:18
Stack trace:
#0 C:\xampp\htdocs\store\tmp_smtp_migration.php(18): mysqli->prepare('SELECT setting_...')
#1 {main}
  thrown in C:\xampp\htdocs\store\tmp_smtp_migration.php on line 18
[14-Mar-2026 06:59:08 Europe/Berlin] PHP Fatal error:  Uncaught mysqli_sql_exception: No connection could be made because the target machine actively refused it in C:\xampp\htdocs\store\includes\db_connect.php:29
Stack trace:
#0 C:\xampp\htdocs\store\includes\db_connect.php(29): mysqli->__construct('localhost', 'root', Object(SensitiveParameterValue), 'ecommerce_db', 3306)
#1 C:\xampp\htdocs\store\check_schema.php(3): require('C:\\xampp\\htdocs...')
#2 {main}
  thrown in C:\xampp\htdocs\store\includes\db_connect.php on line 29
[14-Mar-2026 07:52:51 Europe/Berlin] PHP Fatal error:  Uncaught Error: Call to undefined function store_url() in C:\xampp\htdocs\store\debug_urls.php:7
Stack trace:
#0 {main}
  thrown in C:\xampp\htdocs\store\debug_urls.php on line 7
[17-Mar-2026 05:46:18 Europe/Berlin] PHP Warning:  Constant SITE_URL_TEST already defined in C:\xampp\htdocs\store\test_og_url.php on line 6
[17-Mar-2026 05:46:18 Europe/Berlin] PHP Warning:  Constant SITE_URL_TEST already defined in C:\xampp\htdocs\store\test_og_url.php on line 6
[17-Mar-2026 05:46:18 Europe/Berlin] PHP Warning:  Constant SITE_URL_TEST already defined in C:\xampp\htdocs\store\test_og_url.php on line 6
[17-Mar-2026 05:46:18 Europe/Berlin] PHP Warning:  Constant SITE_URL_TEST already defined in C:\xampp\htdocs\store\test_og_url.php on line 6
[17-Mar-2026 10:42:31 Asia/Kolkata] PHP Warning:  Constant SITE_URL already defined in C:\xampp\htdocs\store\debug_og.php on line 24
[17-Mar-2026 10:43:11 Asia/Kolkata] PHP Warning:  Constant SITE_URL already defined in C:\xampp\htdocs\store\test_header_output.php on line 17
[17-Mar-2026 10:43:11 Asia/Kolkata] PHP Warning:  Constant ASSETS_URL already defined in C:\xampp\htdocs\store\test_header_output.php on line 18
[17-Mar-2026 11:16:33 Asia/Kolkata] PHP Fatal error:  Uncaught mysqli_sql_exception: Unknown column 'title' in 'where clause' in C:\xampp\htdocs\store\search_shope_slides.php:6
Stack trace:
#0 C:\xampp\htdocs\store\search_shope_slides.php(6): mysqli->query('SELECT * FROM b...')
#1 {main}
  thrown in C:\xampp\htdocs\store\search_shope_slides.php on line 6
[19-Mar-2026 15:56:15 Asia/Kolkata] PHP Fatal error:  Uncaught mysqli_sql_exception: Unknown column 'image' in 'field list' in C:\xampp\htdocs\store\tmp\seed_about.php:17
Stack trace:
#0 C:\xampp\htdocs\store\tmp\seed_about.php(17): mysqli->query('INSERT INTO doc...')
#1 {main}
  thrown in C:\xampp\htdocs\store\tmp\seed_about.php on line 17
[22-Mar-2026 10:06:55 Asia/Kolkata] PHP Fatal error:  Uncaught mysqli_sql_exception: Unknown column 'status' in 'WHERE' in /home/u902894566/domains/sagarstarters.com/public_html/sitemap.php:42
Stack trace:
#0 /home/u902894566/domains/sagarstarters.com/public_html/sitemap.php(42): mysqli->query()
#1 {main}
  thrown in /home/u902894566/domains/sagarstarters.com/public_html/sitemap.php on line 42
[22-Mar-2026 12:01:35 Asia/Kolkata] PHP Fatal error:  Uncaught mysqli_sql_exception: Unknown column 'status' in 'WHERE' in /home/u902894566/domains/sagarstarters.com/public_html/sitemap.php:42
Stack trace:
#0 /home/u902894566/domains/sagarstarters.com/public_html/sitemap.php(42): mysqli->query()
#1 {main}
  thrown in /home/u902894566/domains/sagarstarters.com/public_html/sitemap.php on line 42
[22-Mar-2026 12:10:17 Asia/Kolkata] PHP Fatal error:  Uncaught mysqli_sql_exception: Unknown column 'status' in 'WHERE' in /home/u902894566/domains/sagarstarters.com/public_html/sitemap.php:42
Stack trace:
#0 /home/u902894566/domains/sagarstarters.com/public_html/sitemap.php(42): mysqli->query()
#1 {main}
  thrown in /home/u902894566/domains/sagarstarters.com/public_html/sitemap.php on line 42
[22-Mar-2026 13:45:37 Asia/Kolkata] PHP Fatal error:  Uncaught mysqli_sql_exception: Unknown column 'status' in 'WHERE' in /home/u902894566/domains/sagarstarters.com/public_html/sitemap.php:42
Stack trace:
#0 /home/u902894566/domains/sagarstarters.com/public_html/sitemap.php(42): mysqli->query()
#1 {main}
  thrown in /home/u902894566/domains/sagarstarters.com/public_html/sitemap.php on line 42
[22-Mar-2026 14:52:28 Asia/Kolkata] PHP Fatal error:  Uncaught mysqli_sql_exception: Unknown column 'status' in 'WHERE' in /home/u902894566/domains/sagarstarters.com/public_html/sitemap.php:42
Stack trace:
#0 /home/u902894566/domains/sagarstarters.com/public_html/sitemap.php(42): mysqli->query()
#1 {main}
  thrown in /home/u902894566/domains/sagarstarters.com/public_html/sitemap.php on line 42
[22-Mar-2026 15:14:12 Asia/Kolkata] PHP Fatal error:  Uncaught mysqli_sql_exception: Unknown column 'status' in 'WHERE' in /home/u902894566/domains/sagarstarters.com/public_html/sitemap.php:42
Stack trace:
#0 /home/u902894566/domains/sagarstarters.com/public_html/sitemap.php(42): mysqli->query()
#1 {main}
  thrown in /home/u902894566/domains/sagarstarters.com/public_html/sitemap.php on line 42
[22-Mar-2026 16:20:52 Asia/Kolkata] PHP Fatal error:  Uncaught mysqli_sql_exception: Unknown column 'status' in 'WHERE' in /home/u902894566/domains/sagarstarters.com/public_html/sitemap.php:42
Stack trace:
#0 /home/u902894566/domains/sagarstarters.com/public_html/sitemap.php(42): mysqli->query()
#1 {main}
  thrown in /home/u902894566/domains/sagarstarters.com/public_html/sitemap.php on line 42
[23-Mar-2026 03:25:39 Europe/Berlin] PHP Fatal error:  Uncaught mysqli_sql_exception: Access denied for user 'u902894566_store'@'localhost' (using password: YES) in D:\Sagar Store Backup 22-3-26\H-Panel Backup\eComstore\includes\db_connect.php:30
Stack trace:
#0 D:\Sagar Store Backup 22-3-26\H-Panel Backup\eComstore\includes\db_connect.php(30): mysqli->__construct('localhost', 'u902894566_stor...', Object(SensitiveParameterValue), 'u902894566_stor...', 3306)
#1 D:\Sagar Store Backup 22-3-26\H-Panel Backup\eComstore\includes\header.php(5): include('D:\\Sagar Store ...')
#2 D:\Sagar Store Backup 22-3-26\H-Panel Backup\eComstore\index.php(2): include('D:\\Sagar Store ...')
#3 {main}
  thrown in D:\Sagar Store Backup 22-3-26\H-Panel Backup\eComstore\includes\db_connect.php on line 30
[23-Mar-2026 03:51:29 Europe/Berlin] PHP Fatal error:  Uncaught mysqli_sql_exception: Access denied for user 'u902894566_store'@'localhost' (using password: YES) in C:\xampp\htdocs\eComstore\includes\db_connect.php:30
Stack trace:
#0 C:\xampp\htdocs\eComstore\includes\db_connect.php(30): mysqli->__construct('localhost', 'u902894566_stor...', Object(SensitiveParameterValue), 'u902894566_stor...', 3306)
#1 C:\xampp\htdocs\eComstore\includes\header.php(5): include('C:\\xampp\\htdocs...')
#2 C:\xampp\htdocs\eComstore\index.php(2): include('C:\\xampp\\htdocs...')
#3 {main}
  thrown in C:\xampp\htdocs\eComstore\includes\db_connect.php on line 30
[23-Mar-2026 03:51:39 Europe/Berlin] PHP Fatal error:  Uncaught mysqli_sql_exception: Access denied for user 'u902894566_store'@'localhost' (using password: YES) in C:\xampp\htdocs\eComstore\includes\db_connect.php:30
Stack trace:
#0 C:\xampp\htdocs\eComstore\includes\db_connect.php(30): mysqli->__construct('localhost', 'u902894566_stor...', Object(SensitiveParameterValue), 'u902894566_stor...', 3306)
#1 C:\xampp\htdocs\eComstore\includes\header.php(5): include('C:\\xampp\\htdocs...')
#2 C:\xampp\htdocs\eComstore\index.php(2): include('C:\\xampp\\htdocs...')
#3 {main}
  thrown in C:\xampp\htdocs\eComstore\includes\db_connect.php on line 30
[23-Mar-2026 04:03:59 Europe/Berlin] PHP Fatal error:  Uncaught mysqli_sql_exception: Table 'ecomstore_db.settings' doesn't exist in C:\xampp\htdocs\eComstore\includes\db_connect.php:46
Stack trace:
#0 C:\xampp\htdocs\eComstore\includes\db_connect.php(46): mysqli->query('SELECT setting_...')
#1 C:\xampp\htdocs\eComstore\includes\header.php(5): include('C:\\xampp\\htdocs...')
#2 C:\xampp\htdocs\eComstore\index.php(2): include('C:\\xampp\\htdocs...')
#3 {main}
  thrown in C:\xampp\htdocs\eComstore\includes\db_connect.php on line 46
[23-Mar-2026 04:04:29 Europe/Berlin] PHP Fatal error:  Uncaught mysqli_sql_exception: Table 'ecomstore_db.settings' doesn't exist in C:\xampp\htdocs\eComstore\includes\db_connect.php:46
Stack trace:
#0 C:\xampp\htdocs\eComstore\includes\db_connect.php(46): mysqli->query('SELECT setting_...')
#1 C:\xampp\htdocs\eComstore\admin\admin_header.php(11): include_once('C:\\xampp\\htdocs...')
#2 C:\xampp\htdocs\eComstore\admin\manage_products.php(2): include('C:\\xampp\\htdocs...')
#3 {main}
  thrown in C:\xampp\htdocs\eComstore\includes\db_connect.php on line 46
[23-Mar-2026 04:05:09 Europe/Berlin] PHP Fatal error:  Uncaught mysqli_sql_exception: Table 'ecomstore_db.settings' doesn't exist in C:\xampp\htdocs\eComstore\includes\db_connect.php:46
Stack trace:
#0 C:\xampp\htdocs\eComstore\includes\db_connect.php(46): mysqli->query('SELECT setting_...')
#1 C:\xampp\htdocs\eComstore\includes\header.php(5): include('C:\\xampp\\htdocs...')
#2 C:\xampp\htdocs\eComstore\index.php(2): include('C:\\xampp\\htdocs...')
#3 {main}
  thrown in C:\xampp\htdocs\eComstore\includes\db_connect.php on line 46
[23-Mar-2026 04:05:21 Europe/Berlin] PHP Fatal error:  Uncaught mysqli_sql_exception: Table 'ecomstore_db.settings' doesn't exist in C:\xampp\htdocs\eComstore\includes\db_connect.php:46
Stack trace:
#0 C:\xampp\htdocs\eComstore\includes\db_connect.php(46): mysqli->query('SELECT setting_...')
#1 C:\xampp\htdocs\eComstore\includes\header.php(5): include('C:\\xampp\\htdocs...')
#2 C:\xampp\htdocs\eComstore\index.php(2): include('C:\\xampp\\htdocs...')
#3 {main}
  thrown in C:\xampp\htdocs\eComstore\includes\db_connect.php on line 46
[23-Mar-2026 04:05:35 Europe/Berlin] PHP Fatal error:  Uncaught mysqli_sql_exception: Table 'ecomstore_db.settings' doesn't exist in C:\xampp\htdocs\eComstore\includes\db_connect.php:46
Stack trace:
#0 C:\xampp\htdocs\eComstore\includes\db_connect.php(46): mysqli->query('SELECT setting_...')
#1 C:\xampp\htdocs\eComstore\includes\header.php(5): include('C:\\xampp\\htdocs...')
#2 C:\xampp\htdocs\eComstore\index.php(2): include('C:\\xampp\\htdocs...')
#3 {main}
  thrown in C:\xampp\htdocs\eComstore\includes\db_connect.php on line 46
[23-Mar-2026 03:10:07 UTC] PHP Fatal error:  Uncaught mysqli_sql_exception: Table 'ecomstore_db.seo_settings' doesn't exist in C:\xampp\htdocs\eComstore\includes\SeoRepository.php:19
Stack trace:
#0 C:\xampp\htdocs\eComstore\includes\SeoRepository.php(19): mysqli->query('SELECT setting_...')
#1 C:\xampp\htdocs\eComstore\includes\SeoService.php(10): SeoRepository->getGlobalSettings()
#2 C:\xampp\htdocs\eComstore\includes\header.php(43): SeoService->__construct(Object(mysqli))
#3 C:\xampp\htdocs\eComstore\index.php(2): include('C:\\xampp\\htdocs...')
#4 {main}
  thrown in C:\xampp\htdocs\eComstore\includes\SeoRepository.php on line 19
[23-Mar-2026 13:03:30 Asia/Kolkata] PHP Fatal error:  Uncaught mysqli_sql_exception: Cannot add or update a child row: a foreign key constraint fails (`ecommerce_db`.`phonepe_transactions`, CONSTRAINT `fk_phonepe_order` FOREIGN KEY (`order_id`) REFERENCES `orders` (`id`) ON DELETE CASCADE) in C:\xampp\htdocs\eComstore\tmp_test_insert.php:4
Stack trace:
#0 C:\xampp\htdocs\eComstore\tmp_test_insert.php(4): mysqli->query('INSERT INTO pho...')
#1 {main}
  thrown in C:\xampp\htdocs\eComstore\tmp_test_insert.php on line 4
[02-Apr-2026 08:02:40 Asia/Kolkata] PHP Fatal error:  Uncaught mysqli_sql_exception: Unknown column 'created_at' in 'order clause' in C:\xampp\htdocs\eComstore\tmp_check_logs.php:3
Stack trace:
#0 C:\xampp\htdocs\eComstore\tmp_check_logs.php(3): mysqli->query('SELECT * FROM w...')
#1 {main}
  thrown in C:\xampp\htdocs\eComstore\tmp_check_logs.php on line 3
[02-Apr-2026 08:24:03 Asia/Kolkata] PHP Fatal error:  Uncaught mysqli_sql_exception: Unknown column 'waba_id' in 'field list' in C:\xampp\htdocs\eComstore\tmp_fetch_template.php:4
Stack trace:
#0 C:\xampp\htdocs\eComstore\tmp_fetch_template.php(4): mysqli->query('SELECT api_toke...')
#1 {main}
  thrown in C:\xampp\htdocs\eComstore\tmp_fetch_template.php on line 4
[02-Apr-2026 08:27:46 Asia/Kolkata] PHP Fatal error:  Uncaught mysqli_sql_exception: Unknown column 'waba_id' in 'field list' in C:\xampp\htdocs\eComstore\tmp_fetch_tpl.php:4
Stack trace:
#0 C:\xampp\htdocs\eComstore\tmp_fetch_tpl.php(4): mysqli->query('SELECT api_toke...')
#1 {main}
  thrown in C:\xampp\htdocs\eComstore\tmp_fetch_tpl.php on line 4
[11-Apr-2026 12:00:47 Asia/Kolkata] PHP Warning:  Undefined array key "HTTP_HOST" in C:\xampp\htdocs\eComstore\includes\header.php on line 131
[11-Apr-2026 12:00:47 Asia/Kolkata] PHP Warning:  Undefined array key "REQUEST_URI" in C:\xampp\htdocs\eComstore\includes\header.php on line 131
[11-Apr-2026 12:00:47 Asia/Kolkata] PHP Warning:  Undefined array key "REQUEST_METHOD" in C:\xampp\htdocs\eComstore\includes\footer.php on line 5
[15-Apr-2026 16:31:30 Asia/Kolkata] PHP Warning:  Undefined array key "HTTP_HOST" in C:\xampp\htdocs\eComstore\includes\SeoService.php on line 85
[19-Jun-2026 15:00:07 Asia/Kolkata] PHP Fatal error:  Uncaught mysqli_sql_exception: Operation not permitted in /home/u902894566/domains/sagarstarters.com/public_html/includes/db_connect.php:30
Stack trace:
#0 /home/u902894566/domains/sagarstarters.com/public_html/includes/db_connect.php(30): mysqli->__construct()
#1 /home/u902894566/domains/sagarstarters.com/public_html/includes/header.php(5): include('/home/u90289456...')
#2 /home/u902894566/domains/sagarstarters.com/public_html/product.php(40): include('/home/u90289456...')
#3 {main}
  thrown in /home/u902894566/domains/sagarstarters.com/public_html/includes/db_connect.php on line 30
[19-Jun-2026 09:30:07 UTC] PHP Fatal error:  Uncaught mysqli_sql_exception: Operation not permitted in /home/u902894566/domains/sagarstarters.com/public_html/includes/db_connect.php:30
Stack trace:
#0 /home/u902894566/domains/sagarstarters.com/public_html/includes/db_connect.php(30): mysqli->__construct()
#1 /home/u902894566/domains/sagarstarters.com/public_html/product.php(3): require_once('/home/u90289456...')
#2 {main}
  thrown in /home/u902894566/domains/sagarstarters.com/public_html/includes/db_connect.php on line 30
[19-Jun-2026 09:30:08 UTC] PHP Fatal error:  Uncaught mysqli_sql_exception: Operation not permitted in /home/u902894566/domains/sagarstarters.com/public_html/includes/db_connect.php:30
Stack trace:
#0 /home/u902894566/domains/sagarstarters.com/public_html/includes/db_connect.php(30): mysqli->__construct()
#1 /home/u902894566/domains/sagarstarters.com/public_html/product.php(3): require_once('/home/u90289456...')
#2 {main}
  thrown in /home/u902894566/domains/sagarstarters.com/public_html/includes/db_connect.php on line 30
[19-Jun-2026 09:30:08 UTC] PHP Fatal error:  Uncaught mysqli_sql_exception: Operation not permitted in /home/u902894566/domains/sagarstarters.com/public_html/includes/db_connect.php:30
Stack trace:
#0 /home/u902894566/domains/sagarstarters.com/public_html/includes/db_connect.php(30): mysqli->__construct()
#1 /home/u902894566/domains/sagarstarters.com/public_html/product.php(3): require_once('/home/u90289456...')
#2 {main}
  thrown in /home/u902894566/domains/sagarstarters.com/public_html/includes/db_connect.php on line 30
[19-Jun-2026 09:30:08 UTC] PHP Fatal error:  Uncaught mysqli_sql_exception: Operation not permitted in /home/u902894566/domains/sagarstarters.com/public_html/includes/db_connect.php:30
Stack trace:
#0 /home/u902894566/domains/sagarstarters.com/public_html/includes/db_connect.php(30): mysqli->__construct()
#1 /home/u902894566/domains/sagarstarters.com/public_html/product.php(3): require_once('/home/u90289456...')
#2 {main}
  thrown in /home/u902894566/domains/sagarstarters.com/public_html/includes/db_connect.php on line 30
[19-Jun-2026 09:30:08 UTC] PHP Fatal error:  Uncaught mysqli_sql_exception: Operation not permitted in /home/u902894566/domains/sagarstarters.com/public_html/includes/db_connect.php:30
Stack trace:
#0 /home/u902894566/domains/sagarstarters.com/public_html/includes/db_connect.php(30): mysqli->__construct()
#1 /home/u902894566/domains/sagarstarters.com/public_html/product.php(3): require_once('/home/u90289456...')
#2 {main}
  thrown in /home/u902894566/domains/sagarstarters.com/public_html/includes/db_connect.php on line 30
[19-Jun-2026 09:30:08 UTC] PHP Fatal error:  Uncaught mysqli_sql_exception: Operation not permitted in /home/u902894566/domains/sagarstarters.com/public_html/includes/db_connect.php:30
Stack trace:
#0 /home/u902894566/domains/sagarstarters.com/public_html/includes/db_connect.php(30): mysqli->__construct()
#1 /home/u902894566/domains/sagarstarters.com/public_html/product.php(3): require_once('/home/u90289456...')
#2 {main}
  thrown in /home/u902894566/domains/sagarstarters.com/public_html/includes/db_connect.php on line 30
[19-Jun-2026 16:39:05 Asia/Kolkata] PHP Fatal error:  Uncaught mysqli_sql_exception: Unknown column 'status' in 'WHERE' in /home/u902894566/domains/sagarstarters.com/public_html/sitemap.php:42
Stack trace:
#0 /home/u902894566/domains/sagarstarters.com/public_html/sitemap.php(42): mysqli->query()
#1 {main}
  thrown in /home/u902894566/domains/sagarstarters.com/public_html/sitemap.php on line 42
[19-Jun-2026 19:29:33 Asia/Kolkata] PHP Fatal error:  Uncaught mysqli_sql_exception: Unknown column 'status' in 'WHERE' in /home/u902894566/domains/sagarstarters.com/public_html/sitemap.php:42
Stack trace:
#0 /home/u902894566/domains/sagarstarters.com/public_html/sitemap.php(42): mysqli->query()
#1 {main}
  thrown in /home/u902894566/domains/sagarstarters.com/public_html/sitemap.php on line 42
[19-Jun-2026 22:21:04 Asia/Kolkata] PHP Fatal error:  Uncaught mysqli_sql_exception: Unknown column 'status' in 'WHERE' in /home/u902894566/domains/sagarstarters.com/public_html/sitemap.php:42
Stack trace:
#0 /home/u902894566/domains/sagarstarters.com/public_html/sitemap.php(42): mysqli->query()
#1 {main}
  thrown in /home/u902894566/domains/sagarstarters.com/public_html/sitemap.php on line 42
[20-Jun-2026 00:13:24 Asia/Kolkata] PHP Fatal error:  Uncaught mysqli_sql_exception: Unknown column 'status' in 'WHERE' in /home/u902894566/domains/sagarstarters.com/public_html/sitemap.php:42
Stack trace:
#0 /home/u902894566/domains/sagarstarters.com/public_html/sitemap.php(42): mysqli->query()
#1 {main}
  thrown in /home/u902894566/domains/sagarstarters.com/public_html/sitemap.php on line 42
[20-Jun-2026 02:22:14 Asia/Kolkata] PHP Fatal error:  Uncaught mysqli_sql_exception: Unknown column 'status' in 'WHERE' in /home/u902894566/domains/sagarstarters.com/public_html/sitemap.php:42
Stack trace:
#0 /home/u902894566/domains/sagarstarters.com/public_html/sitemap.php(42): mysqli->query()
#1 {main}
  thrown in /home/u902894566/domains/sagarstarters.com/public_html/sitemap.php on line 42
[20-Jun-2026 03:26:44 Asia/Kolkata] PHP Fatal error:  Uncaught mysqli_sql_exception: Unknown column 'status' in 'WHERE' in /home/u902894566/domains/sagarstarters.com/public_html/sitemap.php:42
Stack trace:
#0 /home/u902894566/domains/sagarstarters.com/public_html/sitemap.php(42): mysqli->query()
#1 {main}
  thrown in /home/u902894566/domains/sagarstarters.com/public_html/sitemap.php on line 42
[20-Jun-2026 04:18:58 Asia/Kolkata] PHP Fatal error:  Uncaught mysqli_sql_exception: Unknown column 'status' in 'WHERE' in /home/u902894566/domains/sagarstarters.com/public_html/sitemap.php:42
Stack trace:
#0 /home/u902894566/domains/sagarstarters.com/public_html/sitemap.php(42): mysqli->query()
#1 {main}
  thrown in /home/u902894566/domains/sagarstarters.com/public_html/sitemap.php on line 42
[20-Jun-2026 04:21:53 Asia/Kolkata] PHP Fatal error:  Uncaught mysqli_sql_exception: Unknown column 'status' in 'WHERE' in /home/u902894566/domains/sagarstarters.com/public_html/sitemap.php:42
Stack trace:
#0 /home/u902894566/domains/sagarstarters.com/public_html/sitemap.php(42): mysqli->query()
#1 {main}
  thrown in /home/u902894566/domains/sagarstarters.com/public_html/sitemap.php on line 42
[20-Jun-2026 06:33:05 Asia/Kolkata] PHP Fatal error:  Uncaught mysqli_sql_exception: Unknown column 'status' in 'WHERE' in /home/u902894566/domains/sagarstarters.com/public_html/sitemap.php:42
Stack trace:
#0 /home/u902894566/domains/sagarstarters.com/public_html/sitemap.php(42): mysqli->query()
#1 {main}
  thrown in /home/u902894566/domains/sagarstarters.com/public_html/sitemap.php on line 42
[20-Jun-2026 09:43:29 Asia/Kolkata] PHP Fatal error:  Uncaught mysqli_sql_exception: Unknown column 'status' in 'WHERE' in /home/u902894566/domains/sagarstarters.com/public_html/sitemap.php:42
Stack trace:
#0 /home/u902894566/domains/sagarstarters.com/public_html/sitemap.php(42): mysqli->query()
#1 {main}
  thrown in /home/u902894566/domains/sagarstarters.com/public_html/sitemap.php on line 42
[20-Jun-2026 12:25:55 Asia/Kolkata] PHP Fatal error:  Uncaught mysqli_sql_exception: Unknown column 'status' in 'WHERE' in /home/u902894566/domains/sagarstarters.com/public_html/sitemap.php:42
Stack trace:
#0 /home/u902894566/domains/sagarstarters.com/public_html/sitemap.php(42): mysqli->query()
#1 {main}
  thrown in /home/u902894566/domains/sagarstarters.com/public_html/sitemap.php on line 42
[21-Jun-2026 01:13:10 Asia/Kolkata] PHP Fatal error:  Uncaught mysqli_sql_exception: Unknown column 'status' in 'WHERE' in /home/u902894566/domains/sagarstarters.com/public_html/sitemap.php:42
Stack trace:
#0 /home/u902894566/domains/sagarstarters.com/public_html/sitemap.php(42): mysqli->query()
#1 {main}
  thrown in /home/u902894566/domains/sagarstarters.com/public_html/sitemap.php on line 42
[21-Jun-2026 03:23:47 Asia/Kolkata] PHP Fatal error:  Uncaught mysqli_sql_exception: Unknown column 'status' in 'WHERE' in /home/u902894566/domains/sagarstarters.com/public_html/sitemap.php:42
Stack trace:
#0 /home/u902894566/domains/sagarstarters.com/public_html/sitemap.php(42): mysqli->query()
#1 {main}
  thrown in /home/u902894566/domains/sagarstarters.com/public_html/sitemap.php on line 42
[21-Jun-2026 06:57:42 Asia/Kolkata] PHP Fatal error:  Uncaught mysqli_sql_exception: Unknown column 'status' in 'WHERE' in /home/u902894566/domains/sagarstarters.com/public_html/sitemap.php:42
Stack trace:
#0 /home/u902894566/domains/sagarstarters.com/public_html/sitemap.php(42): mysqli->query()
#1 {main}
  thrown in /home/u902894566/domains/sagarstarters.com/public_html/sitemap.php on line 42
[21-Jun-2026 15:12:59 Asia/Kolkata] PHP Fatal error:  Uncaught mysqli_sql_exception: Unknown column 'status' in 'WHERE' in /home/u902894566/domains/sagarstarters.com/public_html/sitemap.php:42
Stack trace:
#0 /home/u902894566/domains/sagarstarters.com/public_html/sitemap.php(42): mysqli->query()
#1 {main}
  thrown in /home/u902894566/domains/sagarstarters.com/public_html/sitemap.php on line 42
[21-Jun-2026 17:21:37 Asia/Kolkata] PHP Fatal error:  Uncaught mysqli_sql_exception: Unknown column 'status' in 'WHERE' in /home/u902894566/domains/sagarstarters.com/public_html/sitemap.php:42
Stack trace:
#0 /home/u902894566/domains/sagarstarters.com/public_html/sitemap.php(42): mysqli->query()
#1 {main}
  thrown in /home/u902894566/domains/sagarstarters.com/public_html/sitemap.php on line 42
[21-Jun-2026 18:31:33 Asia/Kolkata] PHP Fatal error:  Uncaught mysqli_sql_exception: Unknown column 'status' in 'WHERE' in /home/u902894566/domains/sagarstarters.com/public_html/sitemap.php:42
Stack trace:
#0 /home/u902894566/domains/sagarstarters.com/public_html/sitemap.php(42): mysqli->query()
#1 {main}
  thrown in /home/u902894566/domains/sagarstarters.com/public_html/sitemap.php on line 42
[21-Jun-2026 19:26:17 Asia/Kolkata] PHP Fatal error:  Uncaught mysqli_sql_exception: Unknown column 'status' in 'WHERE' in /home/u902894566/domains/sagarstarters.com/public_html/sitemap.php:42
Stack trace:
#0 /home/u902894566/domains/sagarstarters.com/public_html/sitemap.php(42): mysqli->query()
#1 {main}
  thrown in /home/u902894566/domains/sagarstarters.com/public_html/sitemap.php on line 42
[21-Jun-2026 20:22:37 Asia/Kolkata] PHP Fatal error:  Uncaught mysqli_sql_exception: Unknown column 'status' in 'WHERE' in /home/u902894566/domains/sagarstarters.com/public_html/sitemap.php:42
Stack trace:
#0 /home/u902894566/domains/sagarstarters.com/public_html/sitemap.php(42): mysqli->query()
#1 {main}
  thrown in /home/u902894566/domains/sagarstarters.com/public_html/sitemap.php on line 42
[21-Jun-2026 21:21:08 Asia/Kolkata] PHP Fatal error:  Uncaught mysqli_sql_exception: Unknown column 'status' in 'WHERE' in /home/u902894566/domains/sagarstarters.com/public_html/sitemap.php:42
Stack trace:
#0 /home/u902894566/domains/sagarstarters.com/public_html/sitemap.php(42): mysqli->query()
#1 {main}
  thrown in /home/u902894566/domains/sagarstarters.com/public_html/sitemap.php on line 42
[21-Jun-2026 23:28:22 Asia/Kolkata] PHP Fatal error:  Uncaught mysqli_sql_exception: Unknown column 'status' in 'WHERE' in /home/u902894566/domains/sagarstarters.com/public_html/sitemap.php:42
Stack trace:
#0 /home/u902894566/domains/sagarstarters.com/public_html/sitemap.php(42): mysqli->query()
#1 {main}
  thrown in /home/u902894566/domains/sagarstarters.com/public_html/sitemap.php on line 42
[22-Jun-2026 00:16:19 Asia/Kolkata] PHP Fatal error:  Uncaught mysqli_sql_exception: Unknown column 'status' in 'WHERE' in /home/u902894566/domains/sagarstarters.com/public_html/sitemap.php:42
Stack trace:
#0 /home/u902894566/domains/sagarstarters.com/public_html/sitemap.php(42): mysqli->query()
#1 {main}
  thrown in /home/u902894566/domains/sagarstarters.com/public_html/sitemap.php on line 42
[22-Jun-2026 01:22:30 Asia/Kolkata] PHP Fatal error:  Uncaught mysqli_sql_exception: Unknown column 'status' in 'WHERE' in /home/u902894566/domains/sagarstarters.com/public_html/sitemap.php:42
Stack trace:
#0 /home/u902894566/domains/sagarstarters.com/public_html/sitemap.php(42): mysqli->query()
#1 {main}
  thrown in /home/u902894566/domains/sagarstarters.com/public_html/sitemap.php on line 42
[22-Jun-2026 02:28:36 Asia/Kolkata] PHP Fatal error:  Uncaught mysqli_sql_exception: Unknown column 'status' in 'WHERE' in /home/u902894566/domains/sagarstarters.com/public_html/sitemap.php:42
Stack trace:
#0 /home/u902894566/domains/sagarstarters.com/public_html/sitemap.php(42): mysqli->query()
#1 {main}
  thrown in /home/u902894566/domains/sagarstarters.com/public_html/sitemap.php on line 42
[22-Jun-2026 03:13:05 Asia/Kolkata] PHP Fatal error:  Uncaught mysqli_sql_exception: Unknown column 'status' in 'WHERE' in /home/u902894566/domains/sagarstarters.com/public_html/sitemap.php:42
Stack trace:
#0 /home/u902894566/domains/sagarstarters.com/public_html/sitemap.php(42): mysqli->query()
#1 {main}
  thrown in /home/u902894566/domains/sagarstarters.com/public_html/sitemap.php on line 42
[22-Jun-2026 04:31:25 Asia/Kolkata] PHP Fatal error:  Uncaught mysqli_sql_exception: Unknown column 'status' in 'WHERE' in /home/u902894566/domains/sagarstarters.com/public_html/sitemap.php:42
Stack trace:
#0 /home/u902894566/domains/sagarstarters.com/public_html/sitemap.php(42): mysqli->query()
#1 {main}
  thrown in /home/u902894566/domains/sagarstarters.com/public_html/sitemap.php on line 42
[22-Jun-2026 06:13:47 Asia/Kolkata] PHP Fatal error:  Uncaught mysqli_sql_exception: Unknown column 'status' in 'WHERE' in /home/u902894566/domains/sagarstarters.com/public_html/sitemap.php:42
Stack trace:
#0 /home/u902894566/domains/sagarstarters.com/public_html/sitemap.php(42): mysqli->query()
#1 {main}
  thrown in /home/u902894566/domains/sagarstarters.com/public_html/sitemap.php on line 42
[22-Jun-2026 06:19:08 Asia/Kolkata] PHP Fatal error:  Uncaught mysqli_sql_exception: Unknown column 'status' in 'WHERE' in /home/u902894566/domains/sagarstarters.com/public_html/sitemap.php:42
Stack trace:
#0 /home/u902894566/domains/sagarstarters.com/public_html/sitemap.php(42): mysqli->query()
#1 {main}
  thrown in /home/u902894566/domains/sagarstarters.com/public_html/sitemap.php on line 42
[22-Jun-2026 06:58:29 Asia/Kolkata] PHP Fatal error:  Uncaught mysqli_sql_exception: Unknown column 'status' in 'WHERE' in /home/u902894566/domains/sagarstarters.com/public_html/sitemap.php:42
Stack trace:
#0 /home/u902894566/domains/sagarstarters.com/public_html/sitemap.php(42): mysqli->query()
#1 {main}
  thrown in /home/u902894566/domains/sagarstarters.com/public_html/sitemap.php on line 42
[22-Jun-2026 08:12:48 Asia/Kolkata] PHP Fatal error:  Uncaught mysqli_sql_exception: Unknown column 'status' in 'WHERE' in /home/u902894566/domains/sagarstarters.com/public_html/sitemap.php:42
Stack trace:
#0 /home/u902894566/domains/sagarstarters.com/public_html/sitemap.php(42): mysqli->query()
#1 {main}
  thrown in /home/u902894566/domains/sagarstarters.com/public_html/sitemap.php on line 42
[22-Jun-2026 10:09:58 Asia/Kolkata] PHP Fatal error:  Uncaught mysqli_sql_exception: Unknown column 'status' in 'WHERE' in /home/u902894566/domains/sagarstarters.com/public_html/sitemap.php:42
Stack trace:
#0 /home/u902894566/domains/sagarstarters.com/public_html/sitemap.php(42): mysqli->query()
#1 {main}
  thrown in /home/u902894566/domains/sagarstarters.com/public_html/sitemap.php on line 42
[22-Jun-2026 10:41:40 Asia/Kolkata] PHP Fatal error:  Uncaught mysqli_sql_exception: Unknown column 'status' in 'WHERE' in /home/u902894566/domains/sagarstarters.com/public_html/sitemap.php:42
Stack trace:
#0 /home/u902894566/domains/sagarstarters.com/public_html/sitemap.php(42): mysqli->query()
#1 {main}
  thrown in /home/u902894566/domains/sagarstarters.com/public_html/sitemap.php on line 42
[22-Jun-2026 11:09:57 Asia/Kolkata] PHP Fatal error:  Uncaught mysqli_sql_exception: Unknown column 'status' in 'WHERE' in /home/u902894566/domains/sagarstarters.com/public_html/sitemap.php:42
Stack trace:
#0 /home/u902894566/domains/sagarstarters.com/public_html/sitemap.php(42): mysqli->query()
#1 {main}
  thrown in /home/u902894566/domains/sagarstarters.com/public_html/sitemap.php on line 42
[22-Jun-2026 12:13:12 Asia/Kolkata] PHP Fatal error:  Uncaught mysqli_sql_exception: Unknown column 'status' in 'WHERE' in /home/u902894566/domains/sagarstarters.com/public_html/sitemap.php:42
Stack trace:
#0 /home/u902894566/domains/sagarstarters.com/public_html/sitemap.php(42): mysqli->query()
#1 {main}
  thrown in /home/u902894566/domains/sagarstarters.com/public_html/sitemap.php on line 42
[22-Jun-2026 13:02:14 Asia/Kolkata] PHP Fatal error:  Uncaught mysqli_sql_exception: Unknown column 'status' in 'WHERE' in /home/u902894566/domains/sagarstarters.com/public_html/sitemap.php:42
Stack trace:
#0 /home/u902894566/domains/sagarstarters.com/public_html/sitemap.php(42): mysqli->query()
#1 {main}
  thrown in /home/u902894566/domains/sagarstarters.com/public_html/sitemap.php on line 42
[22-Jun-2026 18:43:27 Asia/Kolkata] PHP Fatal error:  Uncaught mysqli_sql_exception: Unknown column 'status' in 'WHERE' in /home/u902894566/domains/sagarstarters.com/public_html/sitemap.php:42
Stack trace:
#0 /home/u902894566/domains/sagarstarters.com/public_html/sitemap.php(42): mysqli->query()
#1 {main}
  thrown in /home/u902894566/domains/sagarstarters.com/public_html/sitemap.php on line 42
[22-Jun-2026 18:43:29 Asia/Kolkata] PHP Fatal error:  Uncaught mysqli_sql_exception: Unknown column 'status' in 'WHERE' in /home/u902894566/domains/sagarstarters.com/public_html/sitemap.php:42
Stack trace:
#0 /home/u902894566/domains/sagarstarters.com/public_html/sitemap.php(42): mysqli->query()
#1 {main}
  thrown in /home/u902894566/domains/sagarstarters.com/public_html/sitemap.php on line 42
[22-Jun-2026 22:20:07 Asia/Kolkata] PHP Fatal error:  Uncaught mysqli_sql_exception: Unknown column 'status' in 'WHERE' in /home/u902894566/domains/sagarstarters.com/public_html/sitemap.php:42
Stack trace:
#0 /home/u902894566/domains/sagarstarters.com/public_html/sitemap.php(42): mysqli->query()
#1 {main}
  thrown in /home/u902894566/domains/sagarstarters.com/public_html/sitemap.php on line 42
[23-Jun-2026 00:56:43 Asia/Kolkata] PHP Fatal error:  Uncaught mysqli_sql_exception: Unknown column 'status' in 'WHERE' in /home/u902894566/domains/sagarstarters.com/public_html/sitemap.php:42
Stack trace:
#0 /home/u902894566/domains/sagarstarters.com/public_html/sitemap.php(42): mysqli->query()
#1 {main}
  thrown in /home/u902894566/domains/sagarstarters.com/public_html/sitemap.php on line 42
[23-Jun-2026 01:26:18 Asia/Kolkata] PHP Fatal error:  Uncaught mysqli_sql_exception: Unknown column 'status' in 'WHERE' in /home/u902894566/domains/sagarstarters.com/public_html/sitemap.php:42
Stack trace:
#0 /home/u902894566/domains/sagarstarters.com/public_html/sitemap.php(42): mysqli->query()
#1 {main}
  thrown in /home/u902894566/domains/sagarstarters.com/public_html/sitemap.php on line 42
[23-Jun-2026 03:18:01 Asia/Kolkata] PHP Fatal error:  Uncaught mysqli_sql_exception: Unknown column 'status' in 'WHERE' in /home/u902894566/domains/sagarstarters.com/public_html/sitemap.php:42
Stack trace:
#0 /home/u902894566/domains/sagarstarters.com/public_html/sitemap.php(42): mysqli->query()
#1 {main}
  thrown in /home/u902894566/domains/sagarstarters.com/public_html/sitemap.php on line 42
[23-Jun-2026 05:23:56 Asia/Kolkata] PHP Fatal error:  Uncaught mysqli_sql_exception: Unknown column 'status' in 'WHERE' in /home/u902894566/domains/sagarstarters.com/public_html/sitemap.php:42
Stack trace:
#0 /home/u902894566/domains/sagarstarters.com/public_html/sitemap.php(42): mysqli->query()
#1 {main}
  thrown in /home/u902894566/domains/sagarstarters.com/public_html/sitemap.php on line 42
[23-Jun-2026 07:19:54 Asia/Kolkata] PHP Fatal error:  Uncaught mysqli_sql_exception: Unknown column 'status' in 'WHERE' in /home/u902894566/domains/sagarstarters.com/public_html/sitemap.php:42
Stack trace:
#0 /home/u902894566/domains/sagarstarters.com/public_html/sitemap.php(42): mysqli->query()
#1 {main}
  thrown in /home/u902894566/domains/sagarstarters.com/public_html/sitemap.php on line 42
[23-Jun-2026 08:59:04 Asia/Kolkata] PHP Fatal error:  Uncaught mysqli_sql_exception: Unknown column 'status' in 'WHERE' in /home/u902894566/domains/sagarstarters.com/public_html/sitemap.php:42
Stack trace:
#0 /home/u902894566/domains/sagarstarters.com/public_html/sitemap.php(42): mysqli->query()
#1 {main}
  thrown in /home/u902894566/domains/sagarstarters.com/public_html/sitemap.php on line 42
[23-Jun-2026 09:07:34 Asia/Kolkata] PHP Fatal error:  Uncaught mysqli_sql_exception: Unknown column 'status' in 'WHERE' in /home/u902894566/domains/sagarstarters.com/public_html/sitemap.php:42
Stack trace:
#0 /home/u902894566/domains/sagarstarters.com/public_html/sitemap.php(42): mysqli->query()
#1 {main}
  thrown in /home/u902894566/domains/sagarstarters.com/public_html/sitemap.php on line 42
[23-Jun-2026 11:12:45 Asia/Kolkata] PHP Fatal error:  Uncaught mysqli_sql_exception: Unknown column 'status' in 'WHERE' in /home/u902894566/domains/sagarstarters.com/public_html/sitemap.php:42
Stack trace:
#0 /home/u902894566/domains/sagarstarters.com/public_html/sitemap.php(42): mysqli->query()
#1 {main}
  thrown in /home/u902894566/domains/sagarstarters.com/public_html/sitemap.php on line 42
[23-Jun-2026 12:52:12 Asia/Kolkata] PHP Fatal error:  Uncaught mysqli_sql_exception: Unknown column 'status' in 'WHERE' in /home/u902894566/domains/sagarstarters.com/public_html/sitemap.php:42
Stack trace:
#0 /home/u902894566/domains/sagarstarters.com/public_html/sitemap.php(42): mysqli->query()
#1 {main}
  thrown in /home/u902894566/domains/sagarstarters.com/public_html/sitemap.php on line 42
[23-Jun-2026 13:05:11 Asia/Kolkata] PHP Fatal error:  Uncaught mysqli_sql_exception: Unknown column 'status' in 'WHERE' in /home/u902894566/domains/sagarstarters.com/public_html/sitemap.php:42
Stack trace:
#0 /home/u902894566/domains/sagarstarters.com/public_html/sitemap.php(42): mysqli->query()
#1 {main}
  thrown in /home/u902894566/domains/sagarstarters.com/public_html/sitemap.php on line 42
[23-Jun-2026 14:11:34 Asia/Kolkata] PHP Fatal error:  Uncaught mysqli_sql_exception: Unknown column 'status' in 'WHERE' in /home/u902894566/domains/sagarstarters.com/public_html/sitemap.php:42
Stack trace:
#0 /home/u902894566/domains/sagarstarters.com/public_html/sitemap.php(42): mysqli->query()
#1 {main}
  thrown in /home/u902894566/domains/sagarstarters.com/public_html/sitemap.php on line 42
[23-Jun-2026 14:58:08 Asia/Kolkata] PHP Fatal error:  Uncaught mysqli_sql_exception: Unknown column 'status' in 'WHERE' in /home/u902894566/domains/sagarstarters.com/public_html/sitemap.php:42
Stack trace:
#0 /home/u902894566/domains/sagarstarters.com/public_html/sitemap.php(42): mysqli->query()
#1 {main}
  thrown in /home/u902894566/domains/sagarstarters.com/public_html/sitemap.php on line 42
[23-Jun-2026 15:32:34 Asia/Kolkata] PHP Fatal error:  Uncaught mysqli_sql_exception: Unknown column 'status' in 'WHERE' in /home/u902894566/domains/sagarstarters.com/public_html/sitemap.php:42
Stack trace:
#0 /home/u902894566/domains/sagarstarters.com/public_html/sitemap.php(42): mysqli->query()
#1 {main}
  thrown in /home/u902894566/domains/sagarstarters.com/public_html/sitemap.php on line 42
[23-Jun-2026 17:08:25 Asia/Kolkata] PHP Fatal error:  Uncaught mysqli_sql_exception: Unknown column 'status' in 'WHERE' in /home/u902894566/domains/sagarstarters.com/public_html/sitemap.php:42
Stack trace:
#0 /home/u902894566/domains/sagarstarters.com/public_html/sitemap.php(42): mysqli->query()
#1 {main}
  thrown in /home/u902894566/domains/sagarstarters.com/public_html/sitemap.php on line 42
[23-Jun-2026 19:21:30 Asia/Kolkata] PHP Fatal error:  Uncaught mysqli_sql_exception: Unknown column 'status' in 'WHERE' in /home/u902894566/domains/sagarstarters.com/public_html/sitemap.php:42
Stack trace:
#0 /home/u902894566/domains/sagarstarters.com/public_html/sitemap.php(42): mysqli->query()
#1 {main}
  thrown in /home/u902894566/domains/sagarstarters.com/public_html/sitemap.php on line 42
[23-Jun-2026 20:12:50 Asia/Kolkata] PHP Fatal error:  Uncaught mysqli_sql_exception: Unknown column 'status' in 'WHERE' in /home/u902894566/domains/sagarstarters.com/public_html/sitemap.php:42
Stack trace:
#0 /home/u902894566/domains/sagarstarters.com/public_html/sitemap.php(42): mysqli->query()
#1 {main}
  thrown in /home/u902894566/domains/sagarstarters.com/public_html/sitemap.php on line 42
[23-Jun-2026 20:33:48 Asia/Kolkata] PHP Fatal error:  Uncaught mysqli_sql_exception: Unknown column 'status' in 'WHERE' in /home/u902894566/domains/sagarstarters.com/public_html/sitemap.php:42
Stack trace:
#0 /home/u902894566/domains/sagarstarters.com/public_html/sitemap.php(42): mysqli->query()
#1 {main}
  thrown in /home/u902894566/domains/sagarstarters.com/public_html/sitemap.php on line 42
[23-Jun-2026 21:00:41 Asia/Kolkata] PHP Fatal error:  Uncaught mysqli_sql_exception: Unknown column 'status' in 'WHERE' in /home/u902894566/domains/sagarstarters.com/public_html/sitemap.php:42
Stack trace:
#0 /home/u902894566/domains/sagarstarters.com/public_html/sitemap.php(42): mysqli->query()
#1 {main}
  thrown in /home/u902894566/domains/sagarstarters.com/public_html/sitemap.php on line 42
[23-Jun-2026 23:17:16 Asia/Kolkata] PHP Fatal error:  Uncaught mysqli_sql_exception: Unknown column 'status' in 'WHERE' in /home/u902894566/domains/sagarstarters.com/public_html/sitemap.php:42
Stack trace:
#0 /home/u902894566/domains/sagarstarters.com/public_html/sitemap.php(42): mysqli->query()
#1 {main}
  thrown in /home/u902894566/domains/sagarstarters.com/public_html/sitemap.php on line 42
[24-Jun-2026 01:22:50 Asia/Kolkata] PHP Fatal error:  Uncaught mysqli_sql_exception: Unknown column 'status' in 'WHERE' in /home/u902894566/domains/sagarstarters.com/public_html/sitemap.php:42
Stack trace:
#0 /home/u902894566/domains/sagarstarters.com/public_html/sitemap.php(42): mysqli->query()
#1 {main}
  thrown in /home/u902894566/domains/sagarstarters.com/public_html/sitemap.php on line 42
[24-Jun-2026 02:12:56 Asia/Kolkata] PHP Fatal error:  Uncaught mysqli_sql_exception: Unknown column 'status' in 'WHERE' in /home/u902894566/domains/sagarstarters.com/public_html/sitemap.php:42
Stack trace:
#0 /home/u902894566/domains/sagarstarters.com/public_html/sitemap.php(42): mysqli->query()
#1 {main}
  thrown in /home/u902894566/domains/sagarstarters.com/public_html/sitemap.php on line 42
[24-Jun-2026 03:13:45 Asia/Kolkata] PHP Fatal error:  Uncaught mysqli_sql_exception: Unknown column 'status' in 'WHERE' in /home/u902894566/domains/sagarstarters.com/public_html/sitemap.php:42
Stack trace:
#0 /home/u902894566/domains/sagarstarters.com/public_html/sitemap.php(42): mysqli->query()
#1 {main}
  thrown in /home/u902894566/domains/sagarstarters.com/public_html/sitemap.php on line 42
[24-Jun-2026 04:09:47 Asia/Kolkata] PHP Fatal error:  Uncaught mysqli_sql_exception: Unknown column 'status' in 'WHERE' in /home/u902894566/domains/sagarstarters.com/public_html/sitemap.php:42
Stack trace:
#0 /home/u902894566/domains/sagarstarters.com/public_html/sitemap.php(42): mysqli->query()
#1 {main}
  thrown in /home/u902894566/domains/sagarstarters.com/public_html/sitemap.php on line 42
[24-Jun-2026 05:19:57 Asia/Kolkata] PHP Fatal error:  Uncaught mysqli_sql_exception: Unknown column 'status' in 'WHERE' in /home/u902894566/domains/sagarstarters.com/public_html/sitemap.php:42
Stack trace:
#0 /home/u902894566/domains/sagarstarters.com/public_html/sitemap.php(42): mysqli->query()
#1 {main}
  thrown in /home/u902894566/domains/sagarstarters.com/public_html/sitemap.php on line 42
[24-Jun-2026 08:20:36 Asia/Kolkata] PHP Fatal error:  Uncaught mysqli_sql_exception: Unknown column 'status' in 'WHERE' in /home/u902894566/domains/sagarstarters.com/public_html/sitemap.php:42
Stack trace:
#0 /home/u902894566/domains/sagarstarters.com/public_html/sitemap.php(42): mysqli->query()
#1 {main}
  thrown in /home/u902894566/domains/sagarstarters.com/public_html/sitemap.php on line 42
[24-Jun-2026 10:32:26 Asia/Kolkata] PHP Fatal error:  Uncaught mysqli_sql_exception: Unknown column 'status' in 'WHERE' in /home/u902894566/domains/sagarstarters.com/public_html/sitemap.php:42
Stack trace:
#0 /home/u902894566/domains/sagarstarters.com/public_html/sitemap.php(42): mysqli->query()
#1 {main}
  thrown in /home/u902894566/domains/sagarstarters.com/public_html/sitemap.php on line 42
[24-Jun-2026 12:21:34 Asia/Kolkata] PHP Fatal error:  Uncaught mysqli_sql_exception: Unknown column 'status' in 'WHERE' in /home/u902894566/domains/sagarstarters.com/public_html/sitemap.php:42
Stack trace:
#0 /home/u902894566/domains/sagarstarters.com/public_html/sitemap.php(42): mysqli->query()
#1 {main}
  thrown in /home/u902894566/domains/sagarstarters.com/public_html/sitemap.php on line 42
[24-Jun-2026 12:30:12 Asia/Kolkata] PHP Fatal error:  Uncaught mysqli_sql_exception: Unknown column 'status' in 'WHERE' in /home/u902894566/domains/sagarstarters.com/public_html/sitemap.php:42
Stack trace:
#0 /home/u902894566/domains/sagarstarters.com/public_html/sitemap.php(42): mysqli->query()
#1 {main}
  thrown in /home/u902894566/domains/sagarstarters.com/public_html/sitemap.php on line 42
[24-Jun-2026 13:34:19 Asia/Kolkata] PHP Fatal error:  Uncaught mysqli_sql_exception: Unknown column 'status' in 'WHERE' in /home/u902894566/domains/sagarstarters.com/public_html/sitemap.php:42
Stack trace:
#0 /home/u902894566/domains/sagarstarters.com/public_html/sitemap.php(42): mysqli->query()
#1 {main}
  thrown in /home/u902894566/domains/sagarstarters.com/public_html/sitemap.php on line 42
[24-Jun-2026 14:24:55 Asia/Kolkata] PHP Fatal error:  Uncaught mysqli_sql_exception: Unknown column 'status' in 'WHERE' in /home/u902894566/domains/sagarstarters.com/public_html/sitemap.php:42
Stack trace:
#0 /home/u902894566/domains/sagarstarters.com/public_html/sitemap.php(42): mysqli->query()
#1 {main}
  thrown in /home/u902894566/domains/sagarstarters.com/public_html/sitemap.php on line 42
[24-Jun-2026 16:17:30 Asia/Kolkata] PHP Fatal error:  Uncaught mysqli_sql_exception: Unknown column 'status' in 'WHERE' in /home/u902894566/domains/sagarstarters.com/public_html/sitemap.php:42
Stack trace:
#0 /home/u902894566/domains/sagarstarters.com/public_html/sitemap.php(42): mysqli->query()
#1 {main}
  thrown in /home/u902894566/domains/sagarstarters.com/public_html/sitemap.php on line 42
[24-Jun-2026 17:26:38 Asia/Kolkata] PHP Fatal error:  Uncaught mysqli_sql_exception: Unknown column 'status' in 'WHERE' in /home/u902894566/domains/sagarstarters.com/public_html/sitemap.php:42
Stack trace:
#0 /home/u902894566/domains/sagarstarters.com/public_html/sitemap.php(42): mysqli->query()
#1 {main}
  thrown in /home/u902894566/domains/sagarstarters.com/public_html/sitemap.php on line 42
[24-Jun-2026 18:06:09 Asia/Kolkata] PHP Fatal error:  Uncaught mysqli_sql_exception: Unknown column 'status' in 'WHERE' in /home/u902894566/domains/sagarstarters.com/public_html/sitemap.php:42
Stack trace:
#0 /home/u902894566/domains/sagarstarters.com/public_html/sitemap.php(42): mysqli->query()
#1 {main}
  thrown in /home/u902894566/domains/sagarstarters.com/public_html/sitemap.php on line 42
[24-Jun-2026 18:24:27 Asia/Kolkata] PHP Fatal error:  Uncaught mysqli_sql_exception: Unknown column 'status' in 'WHERE' in /home/u902894566/domains/sagarstarters.com/public_html/sitemap.php:42
Stack trace:
#0 /home/u902894566/domains/sagarstarters.com/public_html/sitemap.php(42): mysqli->query()
#1 {main}
  thrown in /home/u902894566/domains/sagarstarters.com/public_html/sitemap.php on line 42
[24-Jun-2026 19:24:22 Asia/Kolkata] PHP Fatal error:  Uncaught mysqli_sql_exception: Unknown column 'status' in 'WHERE' in /home/u902894566/domains/sagarstarters.com/public_html/sitemap.php:42
Stack trace:
#0 /home/u902894566/domains/sagarstarters.com/public_html/sitemap.php(42): mysqli->query()
#1 {main}
  thrown in /home/u902894566/domains/sagarstarters.com/public_html/sitemap.php on line 42
[24-Jun-2026 20:44:59 Asia/Kolkata] PHP Fatal error:  Uncaught mysqli_sql_exception: Unknown column 'status' in 'WHERE' in /home/u902894566/domains/sagarstarters.com/public_html/sitemap.php:42
Stack trace:
#0 /home/u902894566/domains/sagarstarters.com/public_html/sitemap.php(42): mysqli->query()
#1 {main}
  thrown in /home/u902894566/domains/sagarstarters.com/public_html/sitemap.php on line 42
[24-Jun-2026 21:34:05 Asia/Kolkata] PHP Fatal error:  Uncaught mysqli_sql_exception: Unknown column 'status' in 'WHERE' in /home/u902894566/domains/sagarstarters.com/public_html/sitemap.php:42
Stack trace:
#0 /home/u902894566/domains/sagarstarters.com/public_html/sitemap.php(42): mysqli->query()
#1 {main}
  thrown in /home/u902894566/domains/sagarstarters.com/public_html/sitemap.php on line 42
[24-Jun-2026 23:17:09 Asia/Kolkata] PHP Fatal error:  Uncaught mysqli_sql_exception: Unknown column 'status' in 'WHERE' in /home/u902894566/domains/sagarstarters.com/public_html/sitemap.php:42
Stack trace:
#0 /home/u902894566/domains/sagarstarters.com/public_html/sitemap.php(42): mysqli->query()
#1 {main}
  thrown in /home/u902894566/domains/sagarstarters.com/public_html/sitemap.php on line 42
[25-Jun-2026 00:23:20 Asia/Kolkata] PHP Fatal error:  Uncaught mysqli_sql_exception: Unknown column 'status' in 'WHERE' in /home/u902894566/domains/sagarstarters.com/public_html/sitemap.php:42
Stack trace:
#0 /home/u902894566/domains/sagarstarters.com/public_html/sitemap.php(42): mysqli->query()
#1 {main}
  thrown in /home/u902894566/domains/sagarstarters.com/public_html/sitemap.php on line 42
[25-Jun-2026 01:13:28 Asia/Kolkata] PHP Fatal error:  Uncaught mysqli_sql_exception: Unknown column 'status' in 'WHERE' in /home/u902894566/domains/sagarstarters.com/public_html/sitemap.php:42
Stack trace:
#0 /home/u902894566/domains/sagarstarters.com/public_html/sitemap.php(42): mysqli->query()
#1 {main}
  thrown in /home/u902894566/domains/sagarstarters.com/public_html/sitemap.php on line 42
[25-Jun-2026 02:24:09 Asia/Kolkata] PHP Fatal error:  Uncaught mysqli_sql_exception: Unknown column 'status' in 'WHERE' in /home/u902894566/domains/sagarstarters.com/public_html/sitemap.php:42
Stack trace:
#0 /home/u902894566/domains/sagarstarters.com/public_html/sitemap.php(42): mysqli->query()
#1 {main}
  thrown in /home/u902894566/domains/sagarstarters.com/public_html/sitemap.php on line 42
[25-Jun-2026 04:12:00 Asia/Kolkata] PHP Fatal error:  Uncaught mysqli_sql_exception: Unknown column 'status' in 'WHERE' in /home/u902894566/domains/sagarstarters.com/public_html/sitemap.php:42
Stack trace:
#0 /home/u902894566/domains/sagarstarters.com/public_html/sitemap.php(42): mysqli->query()
#1 {main}
  thrown in /home/u902894566/domains/sagarstarters.com/public_html/sitemap.php on line 42
[25-Jun-2026 05:24:56 Asia/Kolkata] PHP Fatal error:  Uncaught mysqli_sql_exception: Unknown column 'status' in 'WHERE' in /home/u902894566/domains/sagarstarters.com/public_html/sitemap.php:42
Stack trace:
#0 /home/u902894566/domains/sagarstarters.com/public_html/sitemap.php(42): mysqli->query()
#1 {main}
  thrown in /home/u902894566/domains/sagarstarters.com/public_html/sitemap.php on line 42
[25-Jun-2026 06:31:32 Asia/Kolkata] PHP Fatal error:  Uncaught mysqli_sql_exception: Unknown column 'status' in 'WHERE' in /home/u902894566/domains/sagarstarters.com/public_html/sitemap.php:42
Stack trace:
#0 /home/u902894566/domains/sagarstarters.com/public_html/sitemap.php(42): mysqli->query()
#1 {main}
  thrown in /home/u902894566/domains/sagarstarters.com/public_html/sitemap.php on line 42
[25-Jun-2026 07:31:21 Asia/Kolkata] PHP Fatal error:  Uncaught mysqli_sql_exception: Unknown column 'status' in 'WHERE' in /home/u902894566/domains/sagarstarters.com/public_html/sitemap.php:42
Stack trace:
#0 /home/u902894566/domains/sagarstarters.com/public_html/sitemap.php(42): mysqli->query()
#1 {main}
  thrown in /home/u902894566/domains/sagarstarters.com/public_html/sitemap.php on line 42
[25-Jun-2026 08:53:28 Asia/Kolkata] PHP Fatal error:  Uncaught mysqli_sql_exception: Unknown column 'status' in 'WHERE' in /home/u902894566/domains/sagarstarters.com/public_html/sitemap.php:42
Stack trace:
#0 /home/u902894566/domains/sagarstarters.com/public_html/sitemap.php(42): mysqli->query()
#1 {main}
  thrown in /home/u902894566/domains/sagarstarters.com/public_html/sitemap.php on line 42
[25-Jun-2026 09:24:01 Asia/Kolkata] PHP Fatal error:  Uncaught mysqli_sql_exception: Unknown column 'status' in 'WHERE' in /home/u902894566/domains/sagarstarters.com/public_html/sitemap.php:42
Stack trace:
#0 /home/u902894566/domains/sagarstarters.com/public_html/sitemap.php(42): mysqli->query()
#1 {main}
  thrown in /home/u902894566/domains/sagarstarters.com/public_html/sitemap.php on line 42
[25-Jun-2026 10:12:19 Asia/Kolkata] PHP Fatal error:  Uncaught mysqli_sql_exception: Unknown column 'status' in 'WHERE' in /home/u902894566/domains/sagarstarters.com/public_html/sitemap.php:42
Stack trace:
#0 /home/u902894566/domains/sagarstarters.com/public_html/sitemap.php(42): mysqli->query()
#1 {main}
  thrown in /home/u902894566/domains/sagarstarters.com/public_html/sitemap.php on line 42
[25-Jun-2026 10:44:08 Asia/Kolkata] PHP Fatal error:  Uncaught mysqli_sql_exception: Unknown column 'status' in 'WHERE' in /home/u902894566/domains/sagarstarters.com/public_html/sitemap.php:42
Stack trace:
#0 /home/u902894566/domains/sagarstarters.com/public_html/sitemap.php(42): mysqli->query()
#1 {main}
  thrown in /home/u902894566/domains/sagarstarters.com/public_html/sitemap.php on line 42
[25-Jun-2026 11:24:08 Asia/Kolkata] PHP Fatal error:  Uncaught mysqli_sql_exception: Unknown column 'status' in 'WHERE' in /home/u902894566/domains/sagarstarters.com/public_html/sitemap.php:42
Stack trace:
#0 /home/u902894566/domains/sagarstarters.com/public_html/sitemap.php(42): mysqli->query()
#1 {main}
  thrown in /home/u902894566/domains/sagarstarters.com/public_html/sitemap.php on line 42
[25-Jun-2026 13:26:47 Asia/Kolkata] PHP Fatal error:  Uncaught mysqli_sql_exception: Unknown column 'status' in 'WHERE' in /home/u902894566/domains/sagarstarters.com/public_html/sitemap.php:42
Stack trace:
#0 /home/u902894566/domains/sagarstarters.com/public_html/sitemap.php(42): mysqli->query()
#1 {main}
  thrown in /home/u902894566/domains/sagarstarters.com/public_html/sitemap.php on line 42
[25-Jun-2026 14:19:58 Asia/Kolkata] PHP Fatal error:  Uncaught mysqli_sql_exception: Unknown column 'status' in 'WHERE' in /home/u902894566/domains/sagarstarters.com/public_html/sitemap.php:42
Stack trace:
#0 /home/u902894566/domains/sagarstarters.com/public_html/sitemap.php(42): mysqli->query()
#1 {main}
  thrown in /home/u902894566/domains/sagarstarters.com/public_html/sitemap.php on line 42
[25-Jun-2026 15:16:10 Asia/Kolkata] PHP Fatal error:  Uncaught mysqli_sql_exception: Unknown column 'status' in 'WHERE' in /home/u902894566/domains/sagarstarters.com/public_html/sitemap.php:42
Stack trace:
#0 /home/u902894566/domains/sagarstarters.com/public_html/sitemap.php(42): mysqli->query()
#1 {main}
  thrown in /home/u902894566/domains/sagarstarters.com/public_html/sitemap.php on line 42
[25-Jun-2026 16:22:35 Asia/Kolkata] PHP Fatal error:  Uncaught mysqli_sql_exception: Unknown column 'status' in 'WHERE' in /home/u902894566/domains/sagarstarters.com/public_html/sitemap.php:42
Stack trace:
#0 /home/u902894566/domains/sagarstarters.com/public_html/sitemap.php(42): mysqli->query()
#1 {main}
  thrown in /home/u902894566/domains/sagarstarters.com/public_html/sitemap.php on line 42
[25-Jun-2026 17:11:41 Asia/Kolkata] PHP Fatal error:  Uncaught mysqli_sql_exception: Unknown column 'status' in 'WHERE' in /home/u902894566/domains/sagarstarters.com/public_html/sitemap.php:42
Stack trace:
#0 /home/u902894566/domains/sagarstarters.com/public_html/sitemap.php(42): mysqli->query()
#1 {main}
  thrown in /home/u902894566/domains/sagarstarters.com/public_html/sitemap.php on line 42
[25-Jun-2026 18:06:37 Asia/Kolkata] PHP Fatal error:  Uncaught mysqli_sql_exception: Unknown column 'status' in 'WHERE' in /home/u902894566/domains/sagarstarters.com/public_html/sitemap.php:42
Stack trace:
#0 /home/u902894566/domains/sagarstarters.com/public_html/sitemap.php(42): mysqli->query()
#1 {main}
  thrown in /home/u902894566/domains/sagarstarters.com/public_html/sitemap.php on line 42
[25-Jun-2026 20:15:20 Asia/Kolkata] PHP Fatal error:  Uncaught mysqli_sql_exception: Unknown column 'status' in 'WHERE' in /home/u902894566/domains/sagarstarters.com/public_html/sitemap.php:42
Stack trace:
#0 /home/u902894566/domains/sagarstarters.com/public_html/sitemap.php(42): mysqli->query()
#1 {main}
  thrown in /home/u902894566/domains/sagarstarters.com/public_html/sitemap.php on line 42
[25-Jun-2026 22:01:45 Asia/Kolkata] PHP Fatal error:  Uncaught mysqli_sql_exception: Unknown column 'status' in 'WHERE' in /home/u902894566/domains/sagarstarters.com/public_html/sitemap.php:42
Stack trace:
#0 /home/u902894566/domains/sagarstarters.com/public_html/sitemap.php(42): mysqli->query()
#1 {main}
  thrown in /home/u902894566/domains/sagarstarters.com/public_html/sitemap.php on line 42
[25-Jun-2026 22:13:44 Asia/Kolkata] PHP Fatal error:  Uncaught mysqli_sql_exception: Unknown column 'status' in 'WHERE' in /home/u902894566/domains/sagarstarters.com/public_html/sitemap.php:42
Stack trace:
#0 /home/u902894566/domains/sagarstarters.com/public_html/sitemap.php(42): mysqli->query()
#1 {main}
  thrown in /home/u902894566/domains/sagarstarters.com/public_html/sitemap.php on line 42
[25-Jun-2026 23:20:07 Asia/Kolkata] PHP Fatal error:  Uncaught mysqli_sql_exception: Unknown column 'status' in 'WHERE' in /home/u902894566/domains/sagarstarters.com/public_html/sitemap.php:42
Stack trace:
#0 /home/u902894566/domains/sagarstarters.com/public_html/sitemap.php(42): mysqli->query()
#1 {main}
  thrown in /home/u902894566/domains/sagarstarters.com/public_html/sitemap.php on line 42
[25-Jun-2026 23:33:33 Asia/Kolkata] PHP Fatal error:  Uncaught mysqli_sql_exception: Unknown column 'status' in 'WHERE' in /home/u902894566/domains/sagarstarters.com/public_html/sitemap.php:42
Stack trace:
#0 /home/u902894566/domains/sagarstarters.com/public_html/sitemap.php(42): mysqli->query()
#1 {main}
  thrown in /home/u902894566/domains/sagarstarters.com/public_html/sitemap.php on line 42
[26-Jun-2026 00:07:22 Asia/Kolkata] PHP Fatal error:  Uncaught mysqli_sql_exception: Unknown column 'status' in 'WHERE' in /home/u902894566/domains/sagarstarters.com/public_html/sitemap.php:42
Stack trace:
#0 /home/u902894566/domains/sagarstarters.com/public_html/sitemap.php(42): mysqli->query()
#1 {main}
  thrown in /home/u902894566/domains/sagarstarters.com/public_html/sitemap.php on line 42
[26-Jun-2026 01:02:28 Asia/Kolkata] PHP Fatal error:  Uncaught mysqli_sql_exception: Unknown column 'status' in 'WHERE' in /home/u902894566/domains/sagarstarters.com/public_html/sitemap.php:42
Stack trace:
#0 /home/u902894566/domains/sagarstarters.com/public_html/sitemap.php(42): mysqli->query()
#1 {main}
  thrown in /home/u902894566/domains/sagarstarters.com/public_html/sitemap.php on line 42
[26-Jun-2026 01:04:22 Asia/Kolkata] PHP Fatal error:  Uncaught mysqli_sql_exception: Unknown column 'status' in 'WHERE' in /home/u902894566/domains/sagarstarters.com/public_html/sitemap.php:42
Stack trace:
#0 /home/u902894566/domains/sagarstarters.com/public_html/sitemap.php(42): mysqli->query()
#1 {main}
  thrown in /home/u902894566/domains/sagarstarters.com/public_html/sitemap.php on line 42
[26-Jun-2026 02:19:40 Asia/Kolkata] PHP Fatal error:  Uncaught mysqli_sql_exception: Unknown column 'status' in 'WHERE' in /home/u902894566/domains/sagarstarters.com/public_html/sitemap.php:42
Stack trace:
#0 /home/u902894566/domains/sagarstarters.com/public_html/sitemap.php(42): mysqli->query()
#1 {main}
  thrown in /home/u902894566/domains/sagarstarters.com/public_html/sitemap.php on line 42
[26-Jun-2026 02:37:23 Asia/Kolkata] PHP Fatal error:  Uncaught mysqli_sql_exception: Unknown column 'status' in 'WHERE' in /home/u902894566/domains/sagarstarters.com/public_html/sitemap.php:42
Stack trace:
#0 /home/u902894566/domains/sagarstarters.com/public_html/sitemap.php(42): mysqli->query()
#1 {main}
  thrown in /home/u902894566/domains/sagarstarters.com/public_html/sitemap.php on line 42
[26-Jun-2026 03:12:52 Asia/Kolkata] PHP Fatal error:  Uncaught mysqli_sql_exception: Unknown column 'status' in 'WHERE' in /home/u902894566/domains/sagarstarters.com/public_html/sitemap.php:42
Stack trace:
#0 /home/u902894566/domains/sagarstarters.com/public_html/sitemap.php(42): mysqli->query()
#1 {main}
  thrown in /home/u902894566/domains/sagarstarters.com/public_html/sitemap.php on line 42
[26-Jun-2026 04:13:28 Asia/Kolkata] PHP Fatal error:  Uncaught mysqli_sql_exception: Unknown column 'status' in 'WHERE' in /home/u902894566/domains/sagarstarters.com/public_html/sitemap.php:42
Stack trace:
#0 /home/u902894566/domains/sagarstarters.com/public_html/sitemap.php(42): mysqli->query()
#1 {main}
  thrown in /home/u902894566/domains/sagarstarters.com/public_html/sitemap.php on line 42
[26-Jun-2026 05:17:03 Asia/Kolkata] PHP Fatal error:  Uncaught mysqli_sql_exception: Unknown column 'status' in 'WHERE' in /home/u902894566/domains/sagarstarters.com/public_html/sitemap.php:42
Stack trace:
#0 /home/u902894566/domains/sagarstarters.com/public_html/sitemap.php(42): mysqli->query()
#1 {main}
  thrown in /home/u902894566/domains/sagarstarters.com/public_html/sitemap.php on line 42
[26-Jun-2026 05:35:58 Asia/Kolkata] PHP Fatal error:  Uncaught mysqli_sql_exception: Unknown column 'status' in 'WHERE' in /home/u902894566/domains/sagarstarters.com/public_html/sitemap.php:42
Stack trace:
#0 /home/u902894566/domains/sagarstarters.com/public_html/sitemap.php(42): mysqli->query()
#1 {main}
  thrown in /home/u902894566/domains/sagarstarters.com/public_html/sitemap.php on line 42
[26-Jun-2026 06:16:01 Asia/Kolkata] PHP Fatal error:  Uncaught mysqli_sql_exception: Unknown column 'status' in 'WHERE' in /home/u902894566/domains/sagarstarters.com/public_html/sitemap.php:42
Stack trace:
#0 /home/u902894566/domains/sagarstarters.com/public_html/sitemap.php(42): mysqli->query()
#1 {main}
  thrown in /home/u902894566/domains/sagarstarters.com/public_html/sitemap.php on line 42
[26-Jun-2026 07:03:02 Asia/Kolkata] PHP Fatal error:  Uncaught mysqli_sql_exception: Unknown column 'status' in 'WHERE' in /home/u902894566/domains/sagarstarters.com/public_html/sitemap.php:42
Stack trace:
#0 /home/u902894566/domains/sagarstarters.com/public_html/sitemap.php(42): mysqli->query()
#1 {main}
  thrown in /home/u902894566/domains/sagarstarters.com/public_html/sitemap.php on line 42
[26-Jun-2026 08:37:33 Asia/Kolkata] PHP Fatal error:  Uncaught mysqli_sql_exception: Unknown column 'status' in 'WHERE' in /home/u902894566/domains/sagarstarters.com/public_html/sitemap.php:42
Stack trace:
#0 /home/u902894566/domains/sagarstarters.com/public_html/sitemap.php(42): mysqli->query()
#1 {main}
  thrown in /home/u902894566/domains/sagarstarters.com/public_html/sitemap.php on line 42
[26-Jun-2026 10:01:41 Asia/Kolkata] PHP Fatal error:  Uncaught mysqli_sql_exception: Unknown column 'status' in 'WHERE' in /home/u902894566/domains/sagarstarters.com/public_html/sitemap.php:42
Stack trace:
#0 /home/u902894566/domains/sagarstarters.com/public_html/sitemap.php(42): mysqli->query()
#1 {main}
  thrown in /home/u902894566/domains/sagarstarters.com/public_html/sitemap.php on line 42
[26-Jun-2026 10:47:05 Asia/Kolkata] PHP Fatal error:  Uncaught mysqli_sql_exception: Unknown column 'status' in 'WHERE' in /home/u902894566/domains/sagarstarters.com/public_html/sitemap.php:42
Stack trace:
#0 /home/u902894566/domains/sagarstarters.com/public_html/sitemap.php(42): mysqli->query()
#1 {main}
  thrown in /home/u902894566/domains/sagarstarters.com/public_html/sitemap.php on line 42
[26-Jun-2026 11:32:23 Asia/Kolkata] PHP Fatal error:  Uncaught mysqli_sql_exception: Unknown column 'status' in 'WHERE' in /home/u902894566/domains/sagarstarters.com/public_html/sitemap.php:42
Stack trace:
#0 /home/u902894566/domains/sagarstarters.com/public_html/sitemap.php(42): mysqli->query()
#1 {main}
  thrown in /home/u902894566/domains/sagarstarters.com/public_html/sitemap.php on line 42
[26-Jun-2026 19:20:57 Asia/Kolkata] PHP Fatal error:  Uncaught mysqli_sql_exception: Unknown column 'status' in 'WHERE' in /home/u902894566/domains/sagarstarters.com/public_html/sitemap.php:42
Stack trace:
#0 /home/u902894566/domains/sagarstarters.com/public_html/sitemap.php(42): mysqli->query()
#1 {main}
  thrown in /home/u902894566/domains/sagarstarters.com/public_html/sitemap.php on line 42
[26-Jun-2026 21:16:51 Asia/Kolkata] PHP Fatal error:  Uncaught mysqli_sql_exception: Unknown column 'status' in 'WHERE' in /home/u902894566/domains/sagarstarters.com/public_html/sitemap.php:42
Stack trace:
#0 /home/u902894566/domains/sagarstarters.com/public_html/sitemap.php(42): mysqli->query()
#1 {main}
  thrown in /home/u902894566/domains/sagarstarters.com/public_html/sitemap.php on line 42
[26-Jun-2026 23:01:41 Asia/Kolkata] PHP Fatal error:  Uncaught mysqli_sql_exception: Unknown column 'status' in 'WHERE' in /home/u902894566/domains/sagarstarters.com/public_html/sitemap.php:42
Stack trace:
#0 /home/u902894566/domains/sagarstarters.com/public_html/sitemap.php(42): mysqli->query()
#1 {main}
  thrown in /home/u902894566/domains/sagarstarters.com/public_html/sitemap.php on line 42
[27-Jun-2026 01:00:20 Asia/Kolkata] PHP Fatal error:  Uncaught mysqli_sql_exception: Unknown column 'status' in 'WHERE' in /home/u902894566/domains/sagarstarters.com/public_html/sitemap.php:42
Stack trace:
#0 /home/u902894566/domains/sagarstarters.com/public_html/sitemap.php(42): mysqli->query()
#1 {main}
  thrown in /home/u902894566/domains/sagarstarters.com/public_html/sitemap.php on line 42
[27-Jun-2026 01:10:34 Asia/Kolkata] PHP Fatal error:  Uncaught mysqli_sql_exception: Unknown column 'status' in 'WHERE' in /home/u902894566/domains/sagarstarters.com/public_html/sitemap.php:42
Stack trace:
#0 /home/u902894566/domains/sagarstarters.com/public_html/sitemap.php(42): mysqli->query()
#1 {main}
  thrown in /home/u902894566/domains/sagarstarters.com/public_html/sitemap.php on line 42
[27-Jun-2026 03:30:40 Asia/Kolkata] PHP Fatal error:  Uncaught mysqli_sql_exception: Unknown column 'status' in 'WHERE' in /home/u902894566/domains/sagarstarters.com/public_html/sitemap.php:42
Stack trace:
#0 /home/u902894566/domains/sagarstarters.com/public_html/sitemap.php(42): mysqli->query()
#1 {main}
  thrown in /home/u902894566/domains/sagarstarters.com/public_html/sitemap.php on line 42
[27-Jun-2026 04:07:06 Asia/Kolkata] PHP Fatal error:  Uncaught mysqli_sql_exception: Unknown column 'status' in 'WHERE' in /home/u902894566/domains/sagarstarters.com/public_html/sitemap.php:42
Stack trace:
#0 /home/u902894566/domains/sagarstarters.com/public_html/sitemap.php(42): mysqli->query()
#1 {main}
  thrown in /home/u902894566/domains/sagarstarters.com/public_html/sitemap.php on line 42
[27-Jun-2026 06:17:11 Asia/Kolkata] PHP Fatal error:  Uncaught mysqli_sql_exception: Unknown column 'status' in 'WHERE' in /home/u902894566/domains/sagarstarters.com/public_html/sitemap.php:42
Stack trace:
#0 /home/u902894566/domains/sagarstarters.com/public_html/sitemap.php(42): mysqli->query()
#1 {main}
  thrown in /home/u902894566/domains/sagarstarters.com/public_html/sitemap.php on line 42
[27-Jun-2026 08:20:55 Asia/Kolkata] PHP Fatal error:  Uncaught mysqli_sql_exception: Unknown column 'status' in 'WHERE' in /home/u902894566/domains/sagarstarters.com/public_html/sitemap.php:42
Stack trace:
#0 /home/u902894566/domains/sagarstarters.com/public_html/sitemap.php(42): mysqli->query()
#1 {main}
  thrown in /home/u902894566/domains/sagarstarters.com/public_html/sitemap.php on line 42
[27-Jun-2026 10:17:22 Asia/Kolkata] PHP Fatal error:  Uncaught mysqli_sql_exception: Unknown column 'status' in 'WHERE' in /home/u902894566/domains/sagarstarters.com/public_html/sitemap.php:42
Stack trace:
#0 /home/u902894566/domains/sagarstarters.com/public_html/sitemap.php(42): mysqli->query()
#1 {main}
  thrown in /home/u902894566/domains/sagarstarters.com/public_html/sitemap.php on line 42
[27-Jun-2026 11:38:35 Asia/Kolkata] PHP Fatal error:  Uncaught mysqli_sql_exception: Unknown column 'status' in 'WHERE' in /home/u902894566/domains/sagarstarters.com/public_html/sitemap.php:42
Stack trace:
#0 /home/u902894566/domains/sagarstarters.com/public_html/sitemap.php(42): mysqli->query()
#1 {main}
  thrown in /home/u902894566/domains/sagarstarters.com/public_html/sitemap.php on line 42
[27-Jun-2026 12:25:54 Asia/Kolkata] PHP Fatal error:  Uncaught mysqli_sql_exception: Unknown column 'status' in 'WHERE' in /home/u902894566/domains/sagarstarters.com/public_html/sitemap.php:42
Stack trace:
#0 /home/u902894566/domains/sagarstarters.com/public_html/sitemap.php(42): mysqli->query()
#1 {main}
  thrown in /home/u902894566/domains/sagarstarters.com/public_html/sitemap.php on line 42
[27-Jun-2026 14:15:42 Asia/Kolkata] PHP Fatal error:  Uncaught mysqli_sql_exception: Unknown column 'status' in 'WHERE' in /home/u902894566/domains/sagarstarters.com/public_html/sitemap.php:42
Stack trace:
#0 /home/u902894566/domains/sagarstarters.com/public_html/sitemap.php(42): mysqli->query()
#1 {main}
  thrown in /home/u902894566/domains/sagarstarters.com/public_html/sitemap.php on line 42
[27-Jun-2026 15:07:33 Asia/Kolkata] PHP Fatal error:  Uncaught mysqli_sql_exception: Unknown column 'status' in 'WHERE' in /home/u902894566/domains/sagarstarters.com/public_html/sitemap.php:42
Stack trace:
#0 /home/u902894566/domains/sagarstarters.com/public_html/sitemap.php(42): mysqli->query()
#1 {main}
  thrown in /home/u902894566/domains/sagarstarters.com/public_html/sitemap.php on line 42
[27-Jun-2026 15:07:37 Asia/Kolkata] PHP Fatal error:  Uncaught mysqli_sql_exception: Unknown column 'status' in 'WHERE' in /home/u902894566/domains/sagarstarters.com/public_html/sitemap.php:42
Stack trace:
#0 /home/u902894566/domains/sagarstarters.com/public_html/sitemap.php(42): mysqli->query()
#1 {main}
  thrown in /home/u902894566/domains/sagarstarters.com/public_html/sitemap.php on line 42
[27-Jun-2026 16:11:14 Asia/Kolkata] PHP Fatal error:  Uncaught mysqli_sql_exception: Unknown column 'status' in 'WHERE' in /home/u902894566/domains/sagarstarters.com/public_html/sitemap.php:42
Stack trace:
#0 /home/u902894566/domains/sagarstarters.com/public_html/sitemap.php(42): mysqli->query()
#1 {main}
  thrown in /home/u902894566/domains/sagarstarters.com/public_html/sitemap.php on line 42
[27-Jun-2026 18:10:01 Asia/Kolkata] PHP Fatal error:  Uncaught mysqli_sql_exception: Unknown column 'status' in 'WHERE' in /home/u902894566/domains/sagarstarters.com/public_html/sitemap.php:42
Stack trace:
#0 /home/u902894566/domains/sagarstarters.com/public_html/sitemap.php(42): mysqli->query()
#1 {main}
  thrown in /home/u902894566/domains/sagarstarters.com/public_html/sitemap.php on line 42
[27-Jun-2026 19:24:12 Asia/Kolkata] PHP Fatal error:  Uncaught mysqli_sql_exception: Unknown column 'status' in 'WHERE' in /home/u902894566/domains/sagarstarters.com/public_html/sitemap.php:42
Stack trace:
#0 /home/u902894566/domains/sagarstarters.com/public_html/sitemap.php(42): mysqli->query()
#1 {main}
  thrown in /home/u902894566/domains/sagarstarters.com/public_html/sitemap.php on line 42
[27-Jun-2026 20:18:38 Asia/Kolkata] PHP Fatal error:  Uncaught mysqli_sql_exception: Unknown column 'status' in 'WHERE' in /home/u902894566/domains/sagarstarters.com/public_html/sitemap.php:42
Stack trace:
#0 /home/u902894566/domains/sagarstarters.com/public_html/sitemap.php(42): mysqli->query()
#1 {main}
  thrown in /home/u902894566/domains/sagarstarters.com/public_html/sitemap.php on line 42
[27-Jun-2026 21:10:31 Asia/Kolkata] PHP Fatal error:  Uncaught mysqli_sql_exception: Unknown column 'status' in 'WHERE' in /home/u902894566/domains/sagarstarters.com/public_html/sitemap.php:42
Stack trace:
#0 /home/u902894566/domains/sagarstarters.com/public_html/sitemap.php(42): mysqli->query()
#1 {main}
  thrown in /home/u902894566/domains/sagarstarters.com/public_html/sitemap.php on line 42
[27-Jun-2026 21:45:29 Asia/Kolkata] PHP Fatal error:  Uncaught mysqli_sql_exception: Unknown column 'status' in 'WHERE' in /home/u902894566/domains/sagarstarters.com/public_html/sitemap.php:42
Stack trace:
#0 /home/u902894566/domains/sagarstarters.com/public_html/sitemap.php(42): mysqli->query()
#1 {main}
  thrown in /home/u902894566/domains/sagarstarters.com/public_html/sitemap.php on line 42
[27-Jun-2026 21:45:31 Asia/Kolkata] PHP Fatal error:  Uncaught mysqli_sql_exception: Unknown column 'status' in 'WHERE' in /home/u902894566/domains/sagarstarters.com/public_html/sitemap.php:42
Stack trace:
#0 /home/u902894566/domains/sagarstarters.com/public_html/sitemap.php(42): mysqli->query()
#1 {main}
  thrown in /home/u902894566/domains/sagarstarters.com/public_html/sitemap.php on line 42
[27-Jun-2026 23:31:27 Asia/Kolkata] PHP Fatal error:  Uncaught mysqli_sql_exception: Unknown column 'status' in 'WHERE' in /home/u902894566/domains/sagarstarters.com/public_html/sitemap.php:42
Stack trace:
#0 /home/u902894566/domains/sagarstarters.com/public_html/sitemap.php(42): mysqli->query()
#1 {main}
  thrown in /home/u902894566/domains/sagarstarters.com/public_html/sitemap.php on line 42
[28-Jun-2026 01:05:27 Asia/Kolkata] PHP Fatal error:  Uncaught mysqli_sql_exception: Unknown column 'status' in 'WHERE' in /home/u902894566/domains/sagarstarters.com/public_html/sitemap.php:42
Stack trace:
#0 /home/u902894566/domains/sagarstarters.com/public_html/sitemap.php(42): mysqli->query()
#1 {main}
  thrown in /home/u902894566/domains/sagarstarters.com/public_html/sitemap.php on line 42
[28-Jun-2026 01:29:12 Asia/Kolkata] PHP Fatal error:  Uncaught mysqli_sql_exception: Unknown column 'status' in 'WHERE' in /home/u902894566/domains/sagarstarters.com/public_html/sitemap.php:42
Stack trace:
#0 /home/u902894566/domains/sagarstarters.com/public_html/sitemap.php(42): mysqli->query()
#1 {main}
  thrown in /home/u902894566/domains/sagarstarters.com/public_html/sitemap.php on line 42
[28-Jun-2026 02:17:48 Asia/Kolkata] PHP Fatal error:  Uncaught mysqli_sql_exception: Unknown column 'status' in 'WHERE' in /home/u902894566/domains/sagarstarters.com/public_html/sitemap.php:42
Stack trace:
#0 /home/u902894566/domains/sagarstarters.com/public_html/sitemap.php(42): mysqli->query()
#1 {main}
  thrown in /home/u902894566/domains/sagarstarters.com/public_html/sitemap.php on line 42
[28-Jun-2026 03:06:26 Asia/Kolkata] PHP Fatal error:  Uncaught mysqli_sql_exception: Unknown column 'status' in 'WHERE' in /home/u902894566/domains/sagarstarters.com/public_html/sitemap.php:42
Stack trace:
#0 /home/u902894566/domains/sagarstarters.com/public_html/sitemap.php(42): mysqli->query()
#1 {main}
  thrown in /home/u902894566/domains/sagarstarters.com/public_html/sitemap.php on line 42
[28-Jun-2026 04:05:43 Asia/Kolkata] PHP Fatal error:  Uncaught mysqli_sql_exception: Unknown column 'status' in 'WHERE' in /home/u902894566/domains/sagarstarters.com/public_html/sitemap.php:42
Stack trace:
#0 /home/u902894566/domains/sagarstarters.com/public_html/sitemap.php(42): mysqli->query()
#1 {main}
  thrown in /home/u902894566/domains/sagarstarters.com/public_html/sitemap.php on line 42
[28-Jun-2026 06:14:57 Asia/Kolkata] PHP Fatal error:  Uncaught mysqli_sql_exception: Unknown column 'status' in 'WHERE' in /home/u902894566/domains/sagarstarters.com/public_html/sitemap.php:42
Stack trace:
#0 /home/u902894566/domains/sagarstarters.com/public_html/sitemap.php(42): mysqli->query()
#1 {main}
  thrown in /home/u902894566/domains/sagarstarters.com/public_html/sitemap.php on line 42
[28-Jun-2026 07:29:11 Asia/Kolkata] PHP Fatal error:  Uncaught mysqli_sql_exception: Unknown column 'status' in 'WHERE' in /home/u902894566/domains/sagarstarters.com/public_html/sitemap.php:42
Stack trace:
#0 /home/u902894566/domains/sagarstarters.com/public_html/sitemap.php(42): mysqli->query()
#1 {main}
  thrown in /home/u902894566/domains/sagarstarters.com/public_html/sitemap.php on line 42
[28-Jun-2026 08:21:39 Asia/Kolkata] PHP Fatal error:  Uncaught mysqli_sql_exception: Unknown column 'status' in 'WHERE' in /home/u902894566/domains/sagarstarters.com/public_html/sitemap.php:42
Stack trace:
#0 /home/u902894566/domains/sagarstarters.com/public_html/sitemap.php(42): mysqli->query()
#1 {main}
  thrown in /home/u902894566/domains/sagarstarters.com/public_html/sitemap.php on line 42
[28-Jun-2026 10:23:20 Asia/Kolkata] PHP Fatal error:  Uncaught mysqli_sql_exception: Unknown column 'status' in 'WHERE' in /home/u902894566/domains/sagarstarters.com/public_html/sitemap.php:42
Stack trace:
#0 /home/u902894566/domains/sagarstarters.com/public_html/sitemap.php(42): mysqli->query()
#1 {main}
  thrown in /home/u902894566/domains/sagarstarters.com/public_html/sitemap.php on line 42
[28-Jun-2026 11:14:13 Asia/Kolkata] PHP Fatal error:  Uncaught mysqli_sql_exception: Unknown column 'status' in 'WHERE' in /home/u902894566/domains/sagarstarters.com/public_html/sitemap.php:42
Stack trace:
#0 /home/u902894566/domains/sagarstarters.com/public_html/sitemap.php(42): mysqli->query()
#1 {main}
  thrown in /home/u902894566/domains/sagarstarters.com/public_html/sitemap.php on line 42
[28-Jun-2026 12:13:13 Asia/Kolkata] PHP Fatal error:  Uncaught mysqli_sql_exception: Unknown column 'status' in 'WHERE' in /home/u902894566/domains/sagarstarters.com/public_html/sitemap.php:42
Stack trace:
#0 /home/u902894566/domains/sagarstarters.com/public_html/sitemap.php(42): mysqli->query()
#1 {main}
  thrown in /home/u902894566/domains/sagarstarters.com/public_html/sitemap.php on line 42
[28-Jun-2026 13:02:07 Asia/Kolkata] PHP Fatal error:  Uncaught mysqli_sql_exception: Unknown column 'status' in 'WHERE' in /home/u902894566/domains/sagarstarters.com/public_html/sitemap.php:42
Stack trace:
#0 /home/u902894566/domains/sagarstarters.com/public_html/sitemap.php(42): mysqli->query()
#1 {main}
  thrown in /home/u902894566/domains/sagarstarters.com/public_html/sitemap.php on line 42
[28-Jun-2026 15:02:51 Asia/Kolkata] PHP Fatal error:  Uncaught mysqli_sql_exception: Unknown column 'status' in 'WHERE' in /home/u902894566/domains/sagarstarters.com/public_html/sitemap.php:42
Stack trace:
#0 /home/u902894566/domains/sagarstarters.com/public_html/sitemap.php(42): mysqli->query()
#1 {main}
  thrown in /home/u902894566/domains/sagarstarters.com/public_html/sitemap.php on line 42
[28-Jun-2026 16:09:17 Asia/Kolkata] PHP Fatal error:  Uncaught mysqli_sql_exception: Unknown column 'status' in 'WHERE' in /home/u902894566/domains/sagarstarters.com/public_html/sitemap.php:42
Stack trace:
#0 /home/u902894566/domains/sagarstarters.com/public_html/sitemap.php(42): mysqli->query()
#1 {main}
  thrown in /home/u902894566/domains/sagarstarters.com/public_html/sitemap.php on line 42
[28-Jun-2026 17:21:10 Asia/Kolkata] PHP Fatal error:  Uncaught mysqli_sql_exception: Unknown column 'status' in 'WHERE' in /home/u902894566/domains/sagarstarters.com/public_html/sitemap.php:42
Stack trace:
#0 /home/u902894566/domains/sagarstarters.com/public_html/sitemap.php(42): mysqli->query()
#1 {main}
  thrown in /home/u902894566/domains/sagarstarters.com/public_html/sitemap.php on line 42
[28-Jun-2026 18:13:33 Asia/Kolkata] PHP Fatal error:  Uncaught mysqli_sql_exception: Unknown column 'status' in 'WHERE' in /home/u902894566/domains/sagarstarters.com/public_html/sitemap.php:42
Stack trace:
#0 /home/u902894566/domains/sagarstarters.com/public_html/sitemap.php(42): mysqli->query()
#1 {main}
  thrown in /home/u902894566/domains/sagarstarters.com/public_html/sitemap.php on line 42
[28-Jun-2026 18:33:39 Asia/Kolkata] PHP Fatal error:  Uncaught mysqli_sql_exception: Unknown column 'status' in 'WHERE' in /home/u902894566/domains/sagarstarters.com/public_html/sitemap.php:42
Stack trace:
#0 /home/u902894566/domains/sagarstarters.com/public_html/sitemap.php(42): mysqli->query()
#1 {main}
  thrown in /home/u902894566/domains/sagarstarters.com/public_html/sitemap.php on line 42
[28-Jun-2026 19:19:02 Asia/Kolkata] PHP Fatal error:  Uncaught mysqli_sql_exception: Unknown column 'status' in 'WHERE' in /home/u902894566/domains/sagarstarters.com/public_html/sitemap.php:42
Stack trace:
#0 /home/u902894566/domains/sagarstarters.com/public_html/sitemap.php(42): mysqli->query()
#1 {main}
  thrown in /home/u902894566/domains/sagarstarters.com/public_html/sitemap.php on line 42
[28-Jun-2026 20:23:24 Asia/Kolkata] PHP Fatal error:  Uncaught mysqli_sql_exception: Unknown column 'status' in 'WHERE' in /home/u902894566/domains/sagarstarters.com/public_html/sitemap.php:42
Stack trace:
#0 /home/u902894566/domains/sagarstarters.com/public_html/sitemap.php(42): mysqli->query()
#1 {main}
  thrown in /home/u902894566/domains/sagarstarters.com/public_html/sitemap.php on line 42
[28-Jun-2026 21:10:56 Asia/Kolkata] PHP Fatal error:  Uncaught mysqli_sql_exception: Unknown column 'status' in 'WHERE' in /home/u902894566/domains/sagarstarters.com/public_html/sitemap.php:42
Stack trace:
#0 /home/u902894566/domains/sagarstarters.com/public_html/sitemap.php(42): mysqli->query()
#1 {main}
  thrown in /home/u902894566/domains/sagarstarters.com/public_html/sitemap.php on line 42
[28-Jun-2026 22:14:31 Asia/Kolkata] PHP Fatal error:  Uncaught mysqli_sql_exception: Unknown column 'status' in 'WHERE' in /home/u902894566/domains/sagarstarters.com/public_html/sitemap.php:42
Stack trace:
#0 /home/u902894566/domains/sagarstarters.com/public_html/sitemap.php(42): mysqli->query()
#1 {main}
  thrown in /home/u902894566/domains/sagarstarters.com/public_html/sitemap.php on line 42
[28-Jun-2026 22:16:31 Asia/Kolkata] PHP Fatal error:  Uncaught mysqli_sql_exception: Unknown column 'status' in 'WHERE' in /home/u902894566/domains/sagarstarters.com/public_html/sitemap.php:42
Stack trace:
#0 /home/u902894566/domains/sagarstarters.com/public_html/sitemap.php(42): mysqli->query()
#1 {main}
  thrown in /home/u902894566/domains/sagarstarters.com/public_html/sitemap.php on line 42
[29-Jun-2026 00:31:48 Asia/Kolkata] PHP Fatal error:  Uncaught mysqli_sql_exception: Unknown column 'status' in 'WHERE' in /home/u902894566/domains/sagarstarters.com/public_html/sitemap.php:42
Stack trace:
#0 /home/u902894566/domains/sagarstarters.com/public_html/sitemap.php(42): mysqli->query()
#1 {main}
  thrown in /home/u902894566/domains/sagarstarters.com/public_html/sitemap.php on line 42
[29-Jun-2026 01:21:10 Asia/Kolkata] PHP Fatal error:  Uncaught mysqli_sql_exception: Unknown column 'status' in 'WHERE' in /home/u902894566/domains/sagarstarters.com/public_html/sitemap.php:42
Stack trace:
#0 /home/u902894566/domains/sagarstarters.com/public_html/sitemap.php(42): mysqli->query()
#1 {main}
  thrown in /home/u902894566/domains/sagarstarters.com/public_html/sitemap.php on line 42
[29-Jun-2026 02:15:41 Asia/Kolkata] PHP Fatal error:  Uncaught mysqli_sql_exception: Unknown column 'status' in 'WHERE' in /home/u902894566/domains/sagarstarters.com/public_html/sitemap.php:42
Stack trace:
#0 /home/u902894566/domains/sagarstarters.com/public_html/sitemap.php(42): mysqli->query()
#1 {main}
  thrown in /home/u902894566/domains/sagarstarters.com/public_html/sitemap.php on line 42
[29-Jun-2026 02:23:55 Asia/Kolkata] PHP Fatal error:  Uncaught mysqli_sql_exception: Unknown column 'status' in 'WHERE' in /home/u902894566/domains/sagarstarters.com/public_html/sitemap.php:42
Stack trace:
#0 /home/u902894566/domains/sagarstarters.com/public_html/sitemap.php(42): mysqli->query()
#1 {main}
  thrown in /home/u902894566/domains/sagarstarters.com/public_html/sitemap.php on line 42
[29-Jun-2026 03:11:20 Asia/Kolkata] PHP Fatal error:  Uncaught mysqli_sql_exception: Unknown column 'status' in 'WHERE' in /home/u902894566/domains/sagarstarters.com/public_html/sitemap.php:42
Stack trace:
#0 /home/u902894566/domains/sagarstarters.com/public_html/sitemap.php(42): mysqli->query()
#1 {main}
  thrown in /home/u902894566/domains/sagarstarters.com/public_html/sitemap.php on line 42
[29-Jun-2026 04:12:28 Asia/Kolkata] PHP Fatal error:  Uncaught mysqli_sql_exception: Unknown column 'status' in 'WHERE' in /home/u902894566/domains/sagarstarters.com/public_html/sitemap.php:42
Stack trace:
#0 /home/u902894566/domains/sagarstarters.com/public_html/sitemap.php(42): mysqli->query()
#1 {main}
  thrown in /home/u902894566/domains/sagarstarters.com/public_html/sitemap.php on line 42
[29-Jun-2026 06:21:17 Asia/Kolkata] PHP Fatal error:  Uncaught mysqli_sql_exception: Unknown column 'status' in 'WHERE' in /home/u902894566/domains/sagarstarters.com/public_html/sitemap.php:42
Stack trace:
#0 /home/u902894566/domains/sagarstarters.com/public_html/sitemap.php(42): mysqli->query()
#1 {main}
  thrown in /home/u902894566/domains/sagarstarters.com/public_html/sitemap.php on line 42
[29-Jun-2026 07:15:14 Asia/Kolkata] PHP Fatal error:  Uncaught mysqli_sql_exception: Unknown column 'status' in 'WHERE' in /home/u902894566/domains/sagarstarters.com/public_html/sitemap.php:42
Stack trace:
#0 /home/u902894566/domains/sagarstarters.com/public_html/sitemap.php(42): mysqli->query()
#1 {main}
  thrown in /home/u902894566/domains/sagarstarters.com/public_html/sitemap.php on line 42
[29-Jun-2026 08:15:09 Asia/Kolkata] PHP Fatal error:  Uncaught mysqli_sql_exception: Unknown column 'status' in 'WHERE' in /home/u902894566/domains/sagarstarters.com/public_html/sitemap.php:42
Stack trace:
#0 /home/u902894566/domains/sagarstarters.com/public_html/sitemap.php(42): mysqli->query()
#1 {main}
  thrown in /home/u902894566/domains/sagarstarters.com/public_html/sitemap.php on line 42
[29-Jun-2026 09:25:22 Asia/Kolkata] PHP Fatal error:  Uncaught mysqli_sql_exception: Unknown column 'status' in 'WHERE' in /home/u902894566/domains/sagarstarters.com/public_html/sitemap.php:42
Stack trace:
#0 /home/u902894566/domains/sagarstarters.com/public_html/sitemap.php(42): mysqli->query()
#1 {main}
  thrown in /home/u902894566/domains/sagarstarters.com/public_html/sitemap.php on line 42
[29-Jun-2026 10:10:44 Asia/Kolkata] PHP Fatal error:  Uncaught mysqli_sql_exception: Unknown column 'status' in 'WHERE' in /home/u902894566/domains/sagarstarters.com/public_html/sitemap.php:42
Stack trace:
#0 /home/u902894566/domains/sagarstarters.com/public_html/sitemap.php(42): mysqli->query()
#1 {main}
  thrown in /home/u902894566/domains/sagarstarters.com/public_html/sitemap.php on line 42
[29-Jun-2026 11:10:49 Asia/Kolkata] PHP Fatal error:  Uncaught mysqli_sql_exception: Unknown column 'status' in 'WHERE' in /home/u902894566/domains/sagarstarters.com/public_html/sitemap.php:42
Stack trace:
#0 /home/u902894566/domains/sagarstarters.com/public_html/sitemap.php(42): mysqli->query()
#1 {main}
  thrown in /home/u902894566/domains/sagarstarters.com/public_html/sitemap.php on line 42
[29-Jun-2026 11:13:41 Asia/Kolkata] PHP Fatal error:  Uncaught mysqli_sql_exception: Unknown column 'status' in 'WHERE' in /home/u902894566/domains/sagarstarters.com/public_html/sitemap.php:42
Stack trace:
#0 /home/u902894566/domains/sagarstarters.com/public_html/sitemap.php(42): mysqli->query()
#1 {main}
  thrown in /home/u902894566/domains/sagarstarters.com/public_html/sitemap.php on line 42
[29-Jun-2026 13:15:17 Asia/Kolkata] PHP Fatal error:  Uncaught mysqli_sql_exception: Unknown column 'status' in 'WHERE' in /home/u902894566/domains/sagarstarters.com/public_html/sitemap.php:42
Stack trace:
#0 /home/u902894566/domains/sagarstarters.com/public_html/sitemap.php(42): mysqli->query()
#1 {main}
  thrown in /home/u902894566/domains/sagarstarters.com/public_html/sitemap.php on line 42
[29-Jun-2026 14:07:11 Asia/Kolkata] PHP Fatal error:  Uncaught mysqli_sql_exception: Unknown column 'status' in 'WHERE' in /home/u902894566/domains/sagarstarters.com/public_html/sitemap.php:42
Stack trace:
#0 /home/u902894566/domains/sagarstarters.com/public_html/sitemap.php(42): mysqli->query()
#1 {main}
  thrown in /home/u902894566/domains/sagarstarters.com/public_html/sitemap.php on line 42
[29-Jun-2026 16:29:31 Asia/Kolkata] PHP Fatal error:  Uncaught mysqli_sql_exception: Unknown column 'status' in 'WHERE' in /home/u902894566/domains/sagarstarters.com/public_html/sitemap.php:42
Stack trace:
#0 /home/u902894566/domains/sagarstarters.com/public_html/sitemap.php(42): mysqli->query()
#1 {main}
  thrown in /home/u902894566/domains/sagarstarters.com/public_html/sitemap.php on line 42
[29-Jun-2026 17:07:22 Asia/Kolkata] PHP Fatal error:  Uncaught mysqli_sql_exception: Unknown column 'status' in 'WHERE' in /home/u902894566/domains/sagarstarters.com/public_html/sitemap.php:42
Stack trace:
#0 /home/u902894566/domains/sagarstarters.com/public_html/sitemap.php(42): mysqli->query()
#1 {main}
  thrown in /home/u902894566/domains/sagarstarters.com/public_html/sitemap.php on line 42
[29-Jun-2026 18:16:24 Asia/Kolkata] PHP Fatal error:  Uncaught mysqli_sql_exception: Unknown column 'status' in 'WHERE' in /home/u902894566/domains/sagarstarters.com/public_html/sitemap.php:42
Stack trace:
#0 /home/u902894566/domains/sagarstarters.com/public_html/sitemap.php(42): mysqli->query()
#1 {main}
  thrown in /home/u902894566/domains/sagarstarters.com/public_html/sitemap.php on line 42
[29-Jun-2026 19:03:12 Asia/Kolkata] PHP Fatal error:  Uncaught mysqli_sql_exception: Unknown column 'status' in 'WHERE' in /home/u902894566/domains/sagarstarters.com/public_html/sitemap.php:42
Stack trace:
#0 /home/u902894566/domains/sagarstarters.com/public_html/sitemap.php(42): mysqli->query()
#1 {main}
  thrown in /home/u902894566/domains/sagarstarters.com/public_html/sitemap.php on line 42
[29-Jun-2026 20:12:50 Asia/Kolkata] PHP Fatal error:  Uncaught mysqli_sql_exception: Unknown column 'status' in 'WHERE' in /home/u902894566/domains/sagarstarters.com/public_html/sitemap.php:42
Stack trace:
#0 /home/u902894566/domains/sagarstarters.com/public_html/sitemap.php(42): mysqli->query()
#1 {main}
  thrown in /home/u902894566/domains/sagarstarters.com/public_html/sitemap.php on line 42
[29-Jun-2026 20:24:05 Asia/Kolkata] PHP Fatal error:  Uncaught mysqli_sql_exception: Unknown column 'status' in 'WHERE' in /home/u902894566/domains/sagarstarters.com/public_html/sitemap.php:42
Stack trace:
#0 /home/u902894566/domains/sagarstarters.com/public_html/sitemap.php(42): mysqli->query()
#1 {main}
  thrown in /home/u902894566/domains/sagarstarters.com/public_html/sitemap.php on line 42
[29-Jun-2026 21:21:36 Asia/Kolkata] PHP Fatal error:  Uncaught mysqli_sql_exception: Unknown column 'status' in 'WHERE' in /home/u902894566/domains/sagarstarters.com/public_html/sitemap.php:42
Stack trace:
#0 /home/u902894566/domains/sagarstarters.com/public_html/sitemap.php(42): mysqli->query()
#1 {main}
  thrown in /home/u902894566/domains/sagarstarters.com/public_html/sitemap.php on line 42
[29-Jun-2026 22:08:29 Asia/Kolkata] PHP Fatal error:  Uncaught mysqli_sql_exception: Unknown column 'status' in 'WHERE' in /home/u902894566/domains/sagarstarters.com/public_html/sitemap.php:42
Stack trace:
#0 /home/u902894566/domains/sagarstarters.com/public_html/sitemap.php(42): mysqli->query()
#1 {main}
  thrown in /home/u902894566/domains/sagarstarters.com/public_html/sitemap.php on line 42
[29-Jun-2026 22:44:49 Asia/Kolkata] PHP Fatal error:  Uncaught mysqli_sql_exception: Operation not permitted in /home/u902894566/domains/sagarstarters.com/public_html/includes/db_connect.php:30
Stack trace:
#0 /home/u902894566/domains/sagarstarters.com/public_html/includes/db_connect.php(30): mysqli->__construct()
#1 /home/u902894566/domains/sagarstarters.com/public_html/includes/header.php(5): include('/home/u90289456...')
#2 /home/u902894566/domains/sagarstarters.com/public_html/product.php(60): include('/home/u90289456...')
#3 {main}
  thrown in /home/u902894566/domains/sagarstarters.com/public_html/includes/db_connect.php on line 30
[29-Jun-2026 17:14:49 UTC] PHP Fatal error:  Uncaught mysqli_sql_exception: Operation not permitted in /home/u902894566/domains/sagarstarters.com/public_html/includes/db_connect.php:30
Stack trace:
#0 /home/u902894566/domains/sagarstarters.com/public_html/includes/db_connect.php(30): mysqli->__construct()
#1 /home/u902894566/domains/sagarstarters.com/public_html/product.php(3): require_once('/home/u90289456...')
#2 {main}
  thrown in /home/u902894566/domains/sagarstarters.com/public_html/includes/db_connect.php on line 30
[29-Jun-2026 22:44:49 Asia/Kolkata] PHP Fatal error:  Uncaught mysqli_sql_exception: Operation not permitted in /home/u902894566/domains/sagarstarters.com/public_html/includes/db_connect.php:30
Stack trace:
#0 /home/u902894566/domains/sagarstarters.com/public_html/includes/db_connect.php(30): mysqli->__construct()
#1 /home/u902894566/domains/sagarstarters.com/public_html/includes/header.php(5): include('/home/u90289456...')
#2 /home/u902894566/domains/sagarstarters.com/public_html/product.php(60): include('/home/u90289456...')
#3 {main}
  thrown in /home/u902894566/domains/sagarstarters.com/public_html/includes/db_connect.php on line 30
[29-Jun-2026 17:14:49 UTC] PHP Fatal error:  Uncaught mysqli_sql_exception: Operation not permitted in /home/u902894566/domains/sagarstarters.com/public_html/includes/db_connect.php:30
Stack trace:
#0 /home/u902894566/domains/sagarstarters.com/public_html/includes/db_connect.php(30): mysqli->__construct()
#1 /home/u902894566/domains/sagarstarters.com/public_html/product.php(3): require_once('/home/u90289456...')
#2 {main}
  thrown in /home/u902894566/domains/sagarstarters.com/public_html/includes/db_connect.php on line 30
[29-Jun-2026 17:14:49 UTC] PHP Fatal error:  Uncaught mysqli_sql_exception: Operation not permitted in /home/u902894566/domains/sagarstarters.com/public_html/includes/db_connect.php:30
Stack trace:
#0 /home/u902894566/domains/sagarstarters.com/public_html/includes/db_connect.php(30): mysqli->__construct()
#1 /home/u902894566/domains/sagarstarters.com/public_html/product.php(3): require_once('/home/u90289456...')
#2 {main}
  thrown in /home/u902894566/domains/sagarstarters.com/public_html/includes/db_connect.php on line 30
[29-Jun-2026 22:55:07 Asia/Kolkata] PHP Fatal error:  Uncaught mysqli_sql_exception: Unknown column 'status' in 'WHERE' in /home/u902894566/domains/sagarstarters.com/public_html/sitemap.php:42
Stack trace:
#0 /home/u902894566/domains/sagarstarters.com/public_html/sitemap.php(42): mysqli->query()
#1 {main}
  thrown in /home/u902894566/domains/sagarstarters.com/public_html/sitemap.php on line 42
[29-Jun-2026 23:01:39 Asia/Kolkata] PHP Fatal error:  Uncaught mysqli_sql_exception: Unknown column 'status' in 'WHERE' in /home/u902894566/domains/sagarstarters.com/public_html/sitemap.php:42
Stack trace:
#0 /home/u902894566/domains/sagarstarters.com/public_html/sitemap.php(42): mysqli->query()
#1 {main}
  thrown in /home/u902894566/domains/sagarstarters.com/public_html/sitemap.php on line 42
[30-Jun-2026 00:08:14 Asia/Kolkata] PHP Fatal error:  Uncaught mysqli_sql_exception: Unknown column 'status' in 'WHERE' in /home/u902894566/domains/sagarstarters.com/public_html/sitemap.php:42
Stack trace:
#0 /home/u902894566/domains/sagarstarters.com/public_html/sitemap.php(42): mysqli->query()
#1 {main}
  thrown in /home/u902894566/domains/sagarstarters.com/public_html/sitemap.php on line 42
[30-Jun-2026 02:21:32 Asia/Kolkata] PHP Fatal error:  Uncaught mysqli_sql_exception: Unknown column 'status' in 'WHERE' in /home/u902894566/domains/sagarstarters.com/public_html/sitemap.php:42
Stack trace:
#0 /home/u902894566/domains/sagarstarters.com/public_html/sitemap.php(42): mysqli->query()
#1 {main}
  thrown in /home/u902894566/domains/sagarstarters.com/public_html/sitemap.php on line 42
[30-Jun-2026 03:11:52 Asia/Kolkata] PHP Fatal error:  Uncaught mysqli_sql_exception: Unknown column 'status' in 'WHERE' in /home/u902894566/domains/sagarstarters.com/public_html/sitemap.php:42
Stack trace:
#0 /home/u902894566/domains/sagarstarters.com/public_html/sitemap.php(42): mysqli->query()
#1 {main}
  thrown in /home/u902894566/domains/sagarstarters.com/public_html/sitemap.php on line 42
[30-Jun-2026 05:12:15 Asia/Kolkata] PHP Fatal error:  Uncaught mysqli_sql_exception: Unknown column 'status' in 'WHERE' in /home/u902894566/domains/sagarstarters.com/public_html/sitemap.php:42
Stack trace:
#0 /home/u902894566/domains/sagarstarters.com/public_html/sitemap.php(42): mysqli->query()
#1 {main}
  thrown in /home/u902894566/domains/sagarstarters.com/public_html/sitemap.php on line 42
[30-Jun-2026 06:13:40 Asia/Kolkata] PHP Fatal error:  Uncaught mysqli_sql_exception: Unknown column 'status' in 'WHERE' in /home/u902894566/domains/sagarstarters.com/public_html/sitemap.php:42
Stack trace:
#0 /home/u902894566/domains/sagarstarters.com/public_html/sitemap.php(42): mysqli->query()
#1 {main}
  thrown in /home/u902894566/domains/sagarstarters.com/public_html/sitemap.php on line 42
[30-Jun-2026 08:05:19 Asia/Kolkata] PHP Fatal error:  Uncaught mysqli_sql_exception: Unknown column 'status' in 'WHERE' in /home/u902894566/domains/sagarstarters.com/public_html/sitemap.php:42
Stack trace:
#0 /home/u902894566/domains/sagarstarters.com/public_html/sitemap.php(42): mysqli->query()
#1 {main}
  thrown in /home/u902894566/domains/sagarstarters.com/public_html/sitemap.php on line 42
[30-Jun-2026 08:55:43 Asia/Kolkata] PHP Fatal error:  Uncaught mysqli_sql_exception: Unknown column 'status' in 'WHERE' in /home/u902894566/domains/sagarstarters.com/public_html/sitemap.php:42
Stack trace:
#0 /home/u902894566/domains/sagarstarters.com/public_html/sitemap.php(42): mysqli->query()
#1 {main}
  thrown in /home/u902894566/domains/sagarstarters.com/public_html/sitemap.php on line 42
[30-Jun-2026 10:01:02 Asia/Kolkata] PHP Fatal error:  Uncaught mysqli_sql_exception: Unknown column 'status' in 'WHERE' in /home/u902894566/domains/sagarstarters.com/public_html/sitemap.php:42
Stack trace:
#0 /home/u902894566/domains/sagarstarters.com/public_html/sitemap.php(42): mysqli->query()
#1 {main}
  thrown in /home/u902894566/domains/sagarstarters.com/public_html/sitemap.php on line 42
[30-Jun-2026 10:52:48 Asia/Kolkata] PHP Fatal error:  Uncaught mysqli_sql_exception: Unknown column 'status' in 'WHERE' in /home/u902894566/domains/sagarstarters.com/public_html/sitemap.php:42
Stack trace:
#0 /home/u902894566/domains/sagarstarters.com/public_html/sitemap.php(42): mysqli->query()
#1 {main}
  thrown in /home/u902894566/domains/sagarstarters.com/public_html/sitemap.php on line 42
[30-Jun-2026 11:48:32 Asia/Kolkata] PHP Fatal error:  Uncaught mysqli_sql_exception: Unknown column 'status' in 'WHERE' in /home/u902894566/domains/sagarstarters.com/public_html/sitemap.php:42
Stack trace:
#0 /home/u902894566/domains/sagarstarters.com/public_html/sitemap.php(42): mysqli->query()
#1 {main}
  thrown in /home/u902894566/domains/sagarstarters.com/public_html/sitemap.php on line 42
[30-Jun-2026 13:59:19 Asia/Kolkata] PHP Fatal error:  Uncaught mysqli_sql_exception: Unknown column 'status' in 'WHERE' in /home/u902894566/domains/sagarstarters.com/public_html/sitemap.php:42
Stack trace:
#0 /home/u902894566/domains/sagarstarters.com/public_html/sitemap.php(42): mysqli->query()
#1 {main}
  thrown in /home/u902894566/domains/sagarstarters.com/public_html/sitemap.php on line 42
[30-Jun-2026 15:00:25 Asia/Kolkata] PHP Fatal error:  Uncaught mysqli_sql_exception: Unknown column 'status' in 'WHERE' in /home/u902894566/domains/sagarstarters.com/public_html/sitemap.php:42
Stack trace:
#0 /home/u902894566/domains/sagarstarters.com/public_html/sitemap.php(42): mysqli->query()
#1 {main}
  thrown in /home/u902894566/domains/sagarstarters.com/public_html/sitemap.php on line 42
[30-Jun-2026 15:44:54 Asia/Kolkata] PHP Fatal error:  Uncaught mysqli_sql_exception: Unknown column 'status' in 'WHERE' in /home/u902894566/domains/sagarstarters.com/public_html/sitemap.php:42
Stack trace:
#0 /home/u902894566/domains/sagarstarters.com/public_html/sitemap.php(42): mysqli->query()
#1 {main}
  thrown in /home/u902894566/domains/sagarstarters.com/public_html/sitemap.php on line 42
[30-Jun-2026 16:04:51 Asia/Kolkata] PHP Fatal error:  Uncaught mysqli_sql_exception: Unknown column 'status' in 'WHERE' in /home/u902894566/domains/sagarstarters.com/public_html/sitemap.php:42
Stack trace:
#0 /home/u902894566/domains/sagarstarters.com/public_html/sitemap.php(42): mysqli->query()
#1 {main}
  thrown in /home/u902894566/domains/sagarstarters.com/public_html/sitemap.php on line 42
[30-Jun-2026 16:59:52 Asia/Kolkata] PHP Fatal error:  Uncaught mysqli_sql_exception: Unknown column 'status' in 'WHERE' in /home/u902894566/domains/sagarstarters.com/public_html/sitemap.php:42
Stack trace:
#0 /home/u902894566/domains/sagarstarters.com/public_html/sitemap.php(42): mysqli->query()
#1 {main}
  thrown in /home/u902894566/domains/sagarstarters.com/public_html/sitemap.php on line 42
[30-Jun-2026 17:57:31 Asia/Kolkata] PHP Fatal error:  Uncaught mysqli_sql_exception: Unknown column 'status' in 'WHERE' in /home/u902894566/domains/sagarstarters.com/public_html/sitemap.php:42
Stack trace:
#0 /home/u902894566/domains/sagarstarters.com/public_html/sitemap.php(42): mysqli->query()
#1 {main}
  thrown in /home/u902894566/domains/sagarstarters.com/public_html/sitemap.php on line 42
[30-Jun-2026 20:08:36 Asia/Kolkata] PHP Fatal error:  Uncaught mysqli_sql_exception: Unknown column 'status' in 'WHERE' in /home/u902894566/domains/sagarstarters.com/public_html/sitemap.php:42
Stack trace:
#0 /home/u902894566/domains/sagarstarters.com/public_html/sitemap.php(42): mysqli->query()
#1 {main}
  thrown in /home/u902894566/domains/sagarstarters.com/public_html/sitemap.php on line 42
[30-Jun-2026 21:10:29 Asia/Kolkata] PHP Fatal error:  Uncaught mysqli_sql_exception: Unknown column 'status' in 'WHERE' in /home/u902894566/domains/sagarstarters.com/public_html/sitemap.php:42
Stack trace:
#0 /home/u902894566/domains/sagarstarters.com/public_html/sitemap.php(42): mysqli->query()
#1 {main}
  thrown in /home/u902894566/domains/sagarstarters.com/public_html/sitemap.php on line 42
[30-Jun-2026 23:21:54 Asia/Kolkata] PHP Fatal error:  Uncaught mysqli_sql_exception: Unknown column 'status' in 'WHERE' in /home/u902894566/domains/sagarstarters.com/public_html/sitemap.php:42
Stack trace:
#0 /home/u902894566/domains/sagarstarters.com/public_html/sitemap.php(42): mysqli->query()
#1 {main}
  thrown in /home/u902894566/domains/sagarstarters.com/public_html/sitemap.php on line 42
[01-Jul-2026 00:24:13 Asia/Kolkata] PHP Fatal error:  Uncaught mysqli_sql_exception: Unknown column 'status' in 'WHERE' in /home/u902894566/domains/sagarstarters.com/public_html/sitemap.php:42
Stack trace:
#0 /home/u902894566/domains/sagarstarters.com/public_html/sitemap.php(42): mysqli->query()
#1 {main}
  thrown in /home/u902894566/domains/sagarstarters.com/public_html/sitemap.php on line 42
[01-Jul-2026 01:07:04 Asia/Kolkata] PHP Fatal error:  Uncaught mysqli_sql_exception: Unknown column 'status' in 'WHERE' in /home/u902894566/domains/sagarstarters.com/public_html/sitemap.php:42
Stack trace:
#0 /home/u902894566/domains/sagarstarters.com/public_html/sitemap.php(42): mysqli->query()
#1 {main}
  thrown in /home/u902894566/domains/sagarstarters.com/public_html/sitemap.php on line 42
[01-Jul-2026 02:41:31 Asia/Kolkata] PHP Fatal error:  Uncaught mysqli_sql_exception: Unknown column 'status' in 'WHERE' in /home/u902894566/domains/sagarstarters.com/public_html/sitemap.php:42
Stack trace:
#0 /home/u902894566/domains/sagarstarters.com/public_html/sitemap.php(42): mysqli->query()
#1 {main}
  thrown in /home/u902894566/domains/sagarstarters.com/public_html/sitemap.php on line 42
[01-Jul-2026 03:08:02 Asia/Kolkata] PHP Fatal error:  Uncaught mysqli_sql_exception: Unknown column 'status' in 'WHERE' in /home/u902894566/domains/sagarstarters.com/public_html/sitemap.php:42
Stack trace:
#0 /home/u902894566/domains/sagarstarters.com/public_html/sitemap.php(42): mysqli->query()
#1 {main}
  thrown in /home/u902894566/domains/sagarstarters.com/public_html/sitemap.php on line 42
[01-Jul-2026 04:57:48 Asia/Kolkata] PHP Fatal error:  Uncaught mysqli_sql_exception: Unknown column 'status' in 'WHERE' in /home/u902894566/domains/sagarstarters.com/public_html/sitemap.php:42
Stack trace:
#0 /home/u902894566/domains/sagarstarters.com/public_html/sitemap.php(42): mysqli->query()
#1 {main}
  thrown in /home/u902894566/domains/sagarstarters.com/public_html/sitemap.php on line 42
[01-Jul-2026 07:01:49 Asia/Kolkata] PHP Fatal error:  Uncaught mysqli_sql_exception: Unknown column 'status' in 'WHERE' in /home/u902894566/domains/sagarstarters.com/public_html/sitemap.php:42
Stack trace:
#0 /home/u902894566/domains/sagarstarters.com/public_html/sitemap.php(42): mysqli->query()
#1 {main}
  thrown in /home/u902894566/domains/sagarstarters.com/public_html/sitemap.php on line 42
[01-Jul-2026 09:47:28 Asia/Kolkata] PHP Fatal error:  Uncaught mysqli_sql_exception: Unknown column 'status' in 'WHERE' in /home/u902894566/domains/sagarstarters.com/public_html/sitemap.php:42
Stack trace:
#0 /home/u902894566/domains/sagarstarters.com/public_html/sitemap.php(42): mysqli->query()
#1 {main}
  thrown in /home/u902894566/domains/sagarstarters.com/public_html/sitemap.php on line 42
[01-Jul-2026 09:52:53 Asia/Kolkata] PHP Fatal error:  Uncaught mysqli_sql_exception: Unknown column 'status' in 'WHERE' in /home/u902894566/domains/sagarstarters.com/public_html/sitemap.php:42
Stack trace:
#0 /home/u902894566/domains/sagarstarters.com/public_html/sitemap.php(42): mysqli->query()
#1 {main}
  thrown in /home/u902894566/domains/sagarstarters.com/public_html/sitemap.php on line 42
[01-Jul-2026 10:56:59 Asia/Kolkata] PHP Fatal error:  Uncaught mysqli_sql_exception: Unknown column 'status' in 'WHERE' in /home/u902894566/domains/sagarstarters.com/public_html/sitemap.php:42
Stack trace:
#0 /home/u902894566/domains/sagarstarters.com/public_html/sitemap.php(42): mysqli->query()
#1 {main}
  thrown in /home/u902894566/domains/sagarstarters.com/public_html/sitemap.php on line 42
[01-Jul-2026 12:03:49 Asia/Kolkata] PHP Fatal error:  Uncaught mysqli_sql_exception: Unknown column 'status' in 'WHERE' in /home/u902894566/domains/sagarstarters.com/public_html/sitemap.php:42
Stack trace:
#0 /home/u902894566/domains/sagarstarters.com/public_html/sitemap.php(42): mysqli->query()
#1 {main}
  thrown in /home/u902894566/domains/sagarstarters.com/public_html/sitemap.php on line 42
[01-Jul-2026 14:22:14 Asia/Kolkata] PHP Fatal error:  Uncaught mysqli_sql_exception: Unknown column 'status' in 'WHERE' in /home/u902894566/domains/sagarstarters.com/public_html/sitemap.php:42
Stack trace:
#0 /home/u902894566/domains/sagarstarters.com/public_html/sitemap.php(42): mysqli->query()
#1 {main}
  thrown in /home/u902894566/domains/sagarstarters.com/public_html/sitemap.php on line 42
[01-Jul-2026 16:14:17 Asia/Kolkata] PHP Fatal error:  Uncaught mysqli_sql_exception: Unknown column 'status' in 'WHERE' in /home/u902894566/domains/sagarstarters.com/public_html/sitemap.php:42
Stack trace:
#0 /home/u902894566/domains/sagarstarters.com/public_html/sitemap.php(42): mysqli->query()
#1 {main}
  thrown in /home/u902894566/domains/sagarstarters.com/public_html/sitemap.php on line 42
[01-Jul-2026 18:09:07 Asia/Kolkata] PHP Fatal error:  Uncaught mysqli_sql_exception: Unknown column 'status' in 'WHERE' in /home/u902894566/domains/sagarstarters.com/public_html/sitemap.php:42
Stack trace:
#0 /home/u902894566/domains/sagarstarters.com/public_html/sitemap.php(42): mysqli->query()
#1 {main}
  thrown in /home/u902894566/domains/sagarstarters.com/public_html/sitemap.php on line 42
[01-Jul-2026 20:13:00 Asia/Kolkata] PHP Fatal error:  Uncaught mysqli_sql_exception: Unknown column 'status' in 'WHERE' in /home/u902894566/domains/sagarstarters.com/public_html/sitemap.php:42
Stack trace:
#0 /home/u902894566/domains/sagarstarters.com/public_html/sitemap.php(42): mysqli->query()
#1 {main}
  thrown in /home/u902894566/domains/sagarstarters.com/public_html/sitemap.php on line 42
[01-Jul-2026 22:23:39 Asia/Kolkata] PHP Fatal error:  Uncaught mysqli_sql_exception: Unknown column 'status' in 'WHERE' in /home/u902894566/domains/sagarstarters.com/public_html/sitemap.php:42
Stack trace:
#0 /home/u902894566/domains/sagarstarters.com/public_html/sitemap.php(42): mysqli->query()
#1 {main}
  thrown in /home/u902894566/domains/sagarstarters.com/public_html/sitemap.php on line 42
[01-Jul-2026 23:36:22 Asia/Kolkata] PHP Fatal error:  Uncaught mysqli_sql_exception: Unknown column 'status' in 'WHERE' in /home/u902894566/domains/sagarstarters.com/public_html/sitemap.php:42
Stack trace:
#0 /home/u902894566/domains/sagarstarters.com/public_html/sitemap.php(42): mysqli->query()
#1 {main}
  thrown in /home/u902894566/domains/sagarstarters.com/public_html/sitemap.php on line 42
[02-Jul-2026 00:12:18 Asia/Kolkata] PHP Fatal error:  Uncaught mysqli_sql_exception: Unknown column 'status' in 'WHERE' in /home/u902894566/domains/sagarstarters.com/public_html/sitemap.php:42
Stack trace:
#0 /home/u902894566/domains/sagarstarters.com/public_html/sitemap.php(42): mysqli->query()
#1 {main}
  thrown in /home/u902894566/domains/sagarstarters.com/public_html/sitemap.php on line 42
[02-Jul-2026 02:13:41 Asia/Kolkata] PHP Fatal error:  Uncaught mysqli_sql_exception: Unknown column 'status' in 'WHERE' in /home/u902894566/domains/sagarstarters.com/public_html/sitemap.php:42
Stack trace:
#0 /home/u902894566/domains/sagarstarters.com/public_html/sitemap.php(42): mysqli->query()
#1 {main}
  thrown in /home/u902894566/domains/sagarstarters.com/public_html/sitemap.php on line 42
[02-Jul-2026 03:07:11 Asia/Kolkata] PHP Fatal error:  Uncaught mysqli_sql_exception: Unknown column 'status' in 'WHERE' in /home/u902894566/domains/sagarstarters.com/public_html/sitemap.php:42
Stack trace:
#0 /home/u902894566/domains/sagarstarters.com/public_html/sitemap.php(42): mysqli->query()
#1 {main}
  thrown in /home/u902894566/domains/sagarstarters.com/public_html/sitemap.php on line 42
[02-Jul-2026 04:19:23 Asia/Kolkata] PHP Fatal error:  Uncaught mysqli_sql_exception: Unknown column 'status' in 'WHERE' in /home/u902894566/domains/sagarstarters.com/public_html/sitemap.php:42
Stack trace:
#0 /home/u902894566/domains/sagarstarters.com/public_html/sitemap.php(42): mysqli->query()
#1 {main}
  thrown in /home/u902894566/domains/sagarstarters.com/public_html/sitemap.php on line 42
[02-Jul-2026 05:20:30 Asia/Kolkata] PHP Fatal error:  Uncaught mysqli_sql_exception: Unknown column 'status' in 'WHERE' in /home/u902894566/domains/sagarstarters.com/public_html/sitemap.php:42
Stack trace:
#0 /home/u902894566/domains/sagarstarters.com/public_html/sitemap.php(42): mysqli->query()
#1 {main}
  thrown in /home/u902894566/domains/sagarstarters.com/public_html/sitemap.php on line 42
[02-Jul-2026 06:30:49 Asia/Kolkata] PHP Fatal error:  Uncaught mysqli_sql_exception: Unknown column 'status' in 'WHERE' in /home/u902894566/domains/sagarstarters.com/public_html/sitemap.php:42
Stack trace:
#0 /home/u902894566/domains/sagarstarters.com/public_html/sitemap.php(42): mysqli->query()
#1 {main}
  thrown in /home/u902894566/domains/sagarstarters.com/public_html/sitemap.php on line 42
[02-Jul-2026 07:13:07 Asia/Kolkata] PHP Fatal error:  Uncaught mysqli_sql_exception: Unknown column 'status' in 'WHERE' in /home/u902894566/domains/sagarstarters.com/public_html/sitemap.php:42
Stack trace:
#0 /home/u902894566/domains/sagarstarters.com/public_html/sitemap.php(42): mysqli->query()
#1 {main}
  thrown in /home/u902894566/domains/sagarstarters.com/public_html/sitemap.php on line 42
[02-Jul-2026 09:19:29 Asia/Kolkata] PHP Fatal error:  Uncaught mysqli_sql_exception: Unknown column 'status' in 'WHERE' in /home/u902894566/domains/sagarstarters.com/public_html/sitemap.php:42
Stack trace:
#0 /home/u902894566/domains/sagarstarters.com/public_html/sitemap.php(42): mysqli->query()
#1 {main}
  thrown in /home/u902894566/domains/sagarstarters.com/public_html/sitemap.php on line 42
[02-Jul-2026 09:26:50 Asia/Kolkata] PHP Fatal error:  Uncaught mysqli_sql_exception: Unknown column 'status' in 'WHERE' in /home/u902894566/domains/sagarstarters.com/public_html/sitemap.php:42
Stack trace:
#0 /home/u902894566/domains/sagarstarters.com/public_html/sitemap.php(42): mysqli->query()
#1 {main}
  thrown in /home/u902894566/domains/sagarstarters.com/public_html/sitemap.php on line 42
[02-Jul-2026 10:27:34 Asia/Kolkata] PHP Fatal error:  Uncaught mysqli_sql_exception: Unknown column 'status' in 'WHERE' in /home/u902894566/domains/sagarstarters.com/public_html/sitemap.php:42
Stack trace:
#0 /home/u902894566/domains/sagarstarters.com/public_html/sitemap.php(42): mysqli->query()
#1 {main}
  thrown in /home/u902894566/domains/sagarstarters.com/public_html/sitemap.php on line 42
[02-Jul-2026 11:17:28 Asia/Kolkata] PHP Fatal error:  Uncaught mysqli_sql_exception: Unknown column 'status' in 'WHERE' in /home/u902894566/domains/sagarstarters.com/public_html/sitemap.php:42
Stack trace:
#0 /home/u902894566/domains/sagarstarters.com/public_html/sitemap.php(42): mysqli->query()
#1 {main}
  thrown in /home/u902894566/domains/sagarstarters.com/public_html/sitemap.php on line 42
[02-Jul-2026 11:29:54 Asia/Kolkata] PHP Fatal error:  Uncaught mysqli_sql_exception: Unknown column 'status' in 'WHERE' in /home/u902894566/domains/sagarstarters.com/public_html/sitemap.php:42
Stack trace:
#0 /home/u902894566/domains/sagarstarters.com/public_html/sitemap.php(42): mysqli->query()
#1 {main}
  thrown in /home/u902894566/domains/sagarstarters.com/public_html/sitemap.php on line 42
[02-Jul-2026 12:09:49 Asia/Kolkata] PHP Fatal error:  Uncaught mysqli_sql_exception: Unknown column 'status' in 'WHERE' in /home/u902894566/domains/sagarstarters.com/public_html/sitemap.php:42
Stack trace:
#0 /home/u902894566/domains/sagarstarters.com/public_html/sitemap.php(42): mysqli->query()
#1 {main}
  thrown in /home/u902894566/domains/sagarstarters.com/public_html/sitemap.php on line 42
[02-Jul-2026 12:59:30 Asia/Kolkata] PHP Fatal error:  Uncaught mysqli_sql_exception: Unknown column 'status' in 'WHERE' in /home/u902894566/domains/sagarstarters.com/public_html/sitemap.php:42
Stack trace:
#0 /home/u902894566/domains/sagarstarters.com/public_html/sitemap.php(42): mysqli->query()
#1 {main}
  thrown in /home/u902894566/domains/sagarstarters.com/public_html/sitemap.php on line 42
[02-Jul-2026 13:55:31 Asia/Kolkata] PHP Fatal error:  Uncaught mysqli_sql_exception: Unknown column 'status' in 'WHERE' in /home/u902894566/domains/sagarstarters.com/public_html/sitemap.php:42
Stack trace:
#0 /home/u902894566/domains/sagarstarters.com/public_html/sitemap.php(42): mysqli->query()
#1 {main}
  thrown in /home/u902894566/domains/sagarstarters.com/public_html/sitemap.php on line 42
[02-Jul-2026 13:55:32 Asia/Kolkata] PHP Fatal error:  Uncaught mysqli_sql_exception: Unknown column 'status' in 'WHERE' in /home/u902894566/domains/sagarstarters.com/public_html/sitemap.php:42
Stack trace:
#0 /home/u902894566/domains/sagarstarters.com/public_html/sitemap.php(42): mysqli->query()
#1 {main}
  thrown in /home/u902894566/domains/sagarstarters.com/public_html/sitemap.php on line 42
[02-Jul-2026 15:20:12 Asia/Kolkata] PHP Fatal error:  Uncaught mysqli_sql_exception: Unknown column 'status' in 'WHERE' in /home/u902894566/domains/sagarstarters.com/public_html/sitemap.php:42
Stack trace:
#0 /home/u902894566/domains/sagarstarters.com/public_html/sitemap.php(42): mysqli->query()
#1 {main}
  thrown in /home/u902894566/domains/sagarstarters.com/public_html/sitemap.php on line 42
[02-Jul-2026 16:17:06 Asia/Kolkata] PHP Fatal error:  Uncaught mysqli_sql_exception: Unknown column 'status' in 'WHERE' in /home/u902894566/domains/sagarstarters.com/public_html/sitemap.php:42
Stack trace:
#0 /home/u902894566/domains/sagarstarters.com/public_html/sitemap.php(42): mysqli->query()
#1 {main}
  thrown in /home/u902894566/domains/sagarstarters.com/public_html/sitemap.php on line 42
[02-Jul-2026 18:17:38 Asia/Kolkata] PHP Fatal error:  Uncaught mysqli_sql_exception: Unknown column 'status' in 'WHERE' in /home/u902894566/domains/sagarstarters.com/public_html/sitemap.php:42
Stack trace:
#0 /home/u902894566/domains/sagarstarters.com/public_html/sitemap.php(42): mysqli->query()
#1 {main}
  thrown in /home/u902894566/domains/sagarstarters.com/public_html/sitemap.php on line 42
[02-Jul-2026 19:17:44 Asia/Kolkata] PHP Fatal error:  Uncaught mysqli_sql_exception: Unknown column 'status' in 'WHERE' in /home/u902894566/domains/sagarstarters.com/public_html/sitemap.php:42
Stack trace:
#0 /home/u902894566/domains/sagarstarters.com/public_html/sitemap.php(42): mysqli->query()
#1 {main}
  thrown in /home/u902894566/domains/sagarstarters.com/public_html/sitemap.php on line 42
[02-Jul-2026 20:22:25 Asia/Kolkata] PHP Fatal error:  Uncaught mysqli_sql_exception: Unknown column 'status' in 'WHERE' in /home/u902894566/domains/sagarstarters.com/public_html/sitemap.php:42
Stack trace:
#0 /home/u902894566/domains/sagarstarters.com/public_html/sitemap.php(42): mysqli->query()
#1 {main}
  thrown in /home/u902894566/domains/sagarstarters.com/public_html/sitemap.php on line 42
[02-Jul-2026 21:17:15 Asia/Kolkata] PHP Fatal error:  Uncaught mysqli_sql_exception: Unknown column 'status' in 'WHERE' in /home/u902894566/domains/sagarstarters.com/public_html/sitemap.php:42
Stack trace:
#0 /home/u902894566/domains/sagarstarters.com/public_html/sitemap.php(42): mysqli->query()
#1 {main}
  thrown in /home/u902894566/domains/sagarstarters.com/public_html/sitemap.php on line 42
[02-Jul-2026 22:22:03 Asia/Kolkata] PHP Fatal error:  Uncaught mysqli_sql_exception: Unknown column 'status' in 'WHERE' in /home/u902894566/domains/sagarstarters.com/public_html/sitemap.php:42
Stack trace:
#0 /home/u902894566/domains/sagarstarters.com/public_html/sitemap.php(42): mysqli->query()
#1 {main}
  thrown in /home/u902894566/domains/sagarstarters.com/public_html/sitemap.php on line 42
[03-Jul-2026 00:04:11 Asia/Kolkata] PHP Fatal error:  Uncaught mysqli_sql_exception: Unknown column 'status' in 'WHERE' in /home/u902894566/domains/sagarstarters.com/public_html/sitemap.php:42
Stack trace:
#0 /home/u902894566/domains/sagarstarters.com/public_html/sitemap.php(42): mysqli->query()
#1 {main}
  thrown in /home/u902894566/domains/sagarstarters.com/public_html/sitemap.php on line 42
[03-Jul-2026 01:01:58 Asia/Kolkata] PHP Fatal error:  Uncaught mysqli_sql_exception: Unknown column 'status' in 'WHERE' in /home/u902894566/domains/sagarstarters.com/public_html/sitemap.php:42
Stack trace:
#0 /home/u902894566/domains/sagarstarters.com/public_html/sitemap.php(42): mysqli->query()
#1 {main}
  thrown in /home/u902894566/domains/sagarstarters.com/public_html/sitemap.php on line 42
[03-Jul-2026 01:58:34 Asia/Kolkata] PHP Fatal error:  Uncaught mysqli_sql_exception: Unknown column 'status' in 'WHERE' in /home/u902894566/domains/sagarstarters.com/public_html/sitemap.php:42
Stack trace:
#0 /home/u902894566/domains/sagarstarters.com/public_html/sitemap.php(42): mysqli->query()
#1 {main}
  thrown in /home/u902894566/domains/sagarstarters.com/public_html/sitemap.php on line 42
[03-Jul-2026 02:50:36 Asia/Kolkata] PHP Fatal error:  Uncaught mysqli_sql_exception: Unknown column 'status' in 'WHERE' in /home/u902894566/domains/sagarstarters.com/public_html/sitemap.php:42
Stack trace:
#0 /home/u902894566/domains/sagarstarters.com/public_html/sitemap.php(42): mysqli->query()
#1 {main}
  thrown in /home/u902894566/domains/sagarstarters.com/public_html/sitemap.php on line 42
[03-Jul-2026 03:08:22 Asia/Kolkata] PHP Fatal error:  Uncaught mysqli_sql_exception: Unknown column 'status' in 'WHERE' in /home/u902894566/domains/sagarstarters.com/public_html/sitemap.php:42
Stack trace:
#0 /home/u902894566/domains/sagarstarters.com/public_html/sitemap.php(42): mysqli->query()
#1 {main}
  thrown in /home/u902894566/domains/sagarstarters.com/public_html/sitemap.php on line 42
[03-Jul-2026 04:12:27 Asia/Kolkata] PHP Fatal error:  Uncaught mysqli_sql_exception: Unknown column 'status' in 'WHERE' in /home/u902894566/domains/sagarstarters.com/public_html/sitemap.php:42
Stack trace:
#0 /home/u902894566/domains/sagarstarters.com/public_html/sitemap.php(42): mysqli->query()
#1 {main}
  thrown in /home/u902894566/domains/sagarstarters.com/public_html/sitemap.php on line 42
[03-Jul-2026 06:03:28 Asia/Kolkata] PHP Fatal error:  Uncaught mysqli_sql_exception: Unknown column 'status' in 'WHERE' in /home/u902894566/domains/sagarstarters.com/public_html/sitemap.php:42
Stack trace:
#0 /home/u902894566/domains/sagarstarters.com/public_html/sitemap.php(42): mysqli->query()
#1 {main}
  thrown in /home/u902894566/domains/sagarstarters.com/public_html/sitemap.php on line 42
[03-Jul-2026 08:12:31 Asia/Kolkata] PHP Fatal error:  Uncaught mysqli_sql_exception: Unknown column 'status' in 'WHERE' in /home/u902894566/domains/sagarstarters.com/public_html/sitemap.php:42
Stack trace:
#0 /home/u902894566/domains/sagarstarters.com/public_html/sitemap.php(42): mysqli->query()
#1 {main}
  thrown in /home/u902894566/domains/sagarstarters.com/public_html/sitemap.php on line 42
[03-Jul-2026 09:14:07 Asia/Kolkata] PHP Fatal error:  Uncaught mysqli_sql_exception: Unknown column 'status' in 'WHERE' in /home/u902894566/domains/sagarstarters.com/public_html/sitemap.php:42
Stack trace:
#0 /home/u902894566/domains/sagarstarters.com/public_html/sitemap.php(42): mysqli->query()
#1 {main}
  thrown in /home/u902894566/domains/sagarstarters.com/public_html/sitemap.php on line 42
[03-Jul-2026 10:03:45 Asia/Kolkata] PHP Fatal error:  Uncaught mysqli_sql_exception: Unknown column 'status' in 'WHERE' in /home/u902894566/domains/sagarstarters.com/public_html/sitemap.php:42
Stack trace:
#0 /home/u902894566/domains/sagarstarters.com/public_html/sitemap.php(42): mysqli->query()
#1 {main}
  thrown in /home/u902894566/domains/sagarstarters.com/public_html/sitemap.php on line 42
[03-Jul-2026 11:04:03 Asia/Kolkata] PHP Fatal error:  Uncaught mysqli_sql_exception: Unknown column 'status' in 'WHERE' in /home/u902894566/domains/sagarstarters.com/public_html/sitemap.php:42
Stack trace:
#0 /home/u902894566/domains/sagarstarters.com/public_html/sitemap.php(42): mysqli->query()
#1 {main}
  thrown in /home/u902894566/domains/sagarstarters.com/public_html/sitemap.php on line 42
[03-Jul-2026 13:06:07 Asia/Kolkata] PHP Fatal error:  Uncaught mysqli_sql_exception: Unknown column 'status' in 'WHERE' in /home/u902894566/domains/sagarstarters.com/public_html/sitemap.php:42
Stack trace:
#0 /home/u902894566/domains/sagarstarters.com/public_html/sitemap.php(42): mysqli->query()
#1 {main}
  thrown in /home/u902894566/domains/sagarstarters.com/public_html/sitemap.php on line 42
[03-Jul-2026 13:17:03 Asia/Kolkata] PHP Fatal error:  Uncaught mysqli_sql_exception: Unknown column 'status' in 'WHERE' in /home/u902894566/domains/sagarstarters.com/public_html/sitemap.php:42
Stack trace:
#0 /home/u902894566/domains/sagarstarters.com/public_html/sitemap.php(42): mysqli->query()
#1 {main}
  thrown in /home/u902894566/domains/sagarstarters.com/public_html/sitemap.php on line 42
[03-Jul-2026 14:24:20 Asia/Kolkata] PHP Fatal error:  Uncaught mysqli_sql_exception: Unknown column 'status' in 'WHERE' in /home/u902894566/domains/sagarstarters.com/public_html/sitemap.php:42
Stack trace:
#0 /home/u902894566/domains/sagarstarters.com/public_html/sitemap.php(42): mysqli->query()
#1 {main}
  thrown in /home/u902894566/domains/sagarstarters.com/public_html/sitemap.php on line 42
[03-Jul-2026 15:19:14 Asia/Kolkata] PHP Fatal error:  Uncaught mysqli_sql_exception: Unknown column 'status' in 'WHERE' in /home/u902894566/domains/sagarstarters.com/public_html/sitemap.php:42
Stack trace:
#0 /home/u902894566/domains/sagarstarters.com/public_html/sitemap.php(42): mysqli->query()
#1 {main}
  thrown in /home/u902894566/domains/sagarstarters.com/public_html/sitemap.php on line 42
[03-Jul-2026 16:22:03 Asia/Kolkata] PHP Fatal error:  Uncaught mysqli_sql_exception: Unknown column 'status' in 'WHERE' in /home/u902894566/domains/sagarstarters.com/public_html/sitemap.php:42
Stack trace:
#0 /home/u902894566/domains/sagarstarters.com/public_html/sitemap.php(42): mysqli->query()
#1 {main}
  thrown in /home/u902894566/domains/sagarstarters.com/public_html/sitemap.php on line 42
[03-Jul-2026 18:09:36 Asia/Kolkata] PHP Fatal error:  Uncaught mysqli_sql_exception: Unknown column 'status' in 'WHERE' in /home/u902894566/domains/sagarstarters.com/public_html/sitemap.php:42
Stack trace:
#0 /home/u902894566/domains/sagarstarters.com/public_html/sitemap.php(42): mysqli->query()
#1 {main}
  thrown in /home/u902894566/domains/sagarstarters.com/public_html/sitemap.php on line 42
[03-Jul-2026 19:10:10 Asia/Kolkata] PHP Fatal error:  Uncaught mysqli_sql_exception: Unknown column 'status' in 'WHERE' in /home/u902894566/domains/sagarstarters.com/public_html/sitemap.php:42
Stack trace:
#0 /home/u902894566/domains/sagarstarters.com/public_html/sitemap.php(42): mysqli->query()
#1 {main}
  thrown in /home/u902894566/domains/sagarstarters.com/public_html/sitemap.php on line 42
[03-Jul-2026 19:34:54 Asia/Kolkata] PHP Fatal error:  Uncaught mysqli_sql_exception: Operation not permitted in /home/u902894566/domains/sagarstarters.com/public_html/includes/db_connect.php:30
Stack trace:
#0 /home/u902894566/domains/sagarstarters.com/public_html/includes/db_connect.php(30): mysqli->__construct()
#1 /home/u902894566/domains/sagarstarters.com/public_html/includes/header.php(5): include('/home/u90289456...')
#2 /home/u902894566/domains/sagarstarters.com/public_html/product.php(40): include('/home/u90289456...')
#3 {main}
  thrown in /home/u902894566/domains/sagarstarters.com/public_html/includes/db_connect.php on line 30
[03-Jul-2026 19:34:54 Asia/Kolkata] PHP Fatal error:  Uncaught mysqli_sql_exception: Operation not permitted in /home/u902894566/domains/sagarstarters.com/public_html/includes/db_connect.php:30
Stack trace:
#0 /home/u902894566/domains/sagarstarters.com/public_html/includes/db_connect.php(30): mysqli->__construct()
#1 /home/u902894566/domains/sagarstarters.com/public_html/includes/header.php(5): include('/home/u90289456...')
#2 /home/u902894566/domains/sagarstarters.com/public_html/product.php(60): include('/home/u90289456...')
#3 {main}
  thrown in /home/u902894566/domains/sagarstarters.com/public_html/includes/db_connect.php on line 30
[03-Jul-2026 14:04:54 UTC] PHP Fatal error:  Uncaught mysqli_sql_exception: Operation not permitted in /home/u902894566/domains/sagarstarters.com/public_html/includes/db_connect.php:30
Stack trace:
#0 /home/u902894566/domains/sagarstarters.com/public_html/includes/db_connect.php(30): mysqli->__construct()
#1 /home/u902894566/domains/sagarstarters.com/public_html/product.php(3): require_once('/home/u90289456...')
#2 {main}
  thrown in /home/u902894566/domains/sagarstarters.com/public_html/includes/db_connect.php on line 30
[03-Jul-2026 14:04:54 UTC] PHP Fatal error:  Uncaught mysqli_sql_exception: Operation not permitted in /home/u902894566/domains/sagarstarters.com/public_html/includes/db_connect.php:30
Stack trace:
#0 /home/u902894566/domains/sagarstarters.com/public_html/includes/db_connect.php(30): mysqli->__construct()
#1 /home/u902894566/domains/sagarstarters.com/public_html/product.php(3): require_once('/home/u90289456...')
#2 {main}
  thrown in /home/u902894566/domains/sagarstarters.com/public_html/includes/db_connect.php on line 30
[03-Jul-2026 14:04:54 UTC] PHP Fatal error:  Uncaught mysqli_sql_exception: Operation not permitted in /home/u902894566/domains/sagarstarters.com/public_html/includes/db_connect.php:30
Stack trace:
#0 /home/u902894566/domains/sagarstarters.com/public_html/includes/db_connect.php(30): mysqli->__construct()
#1 /home/u902894566/domains/sagarstarters.com/public_html/product.php(3): require_once('/home/u90289456...')
#2 {main}
  thrown in /home/u902894566/domains/sagarstarters.com/public_html/includes/db_connect.php on line 30
[03-Jul-2026 14:04:54 UTC] PHP Fatal error:  Uncaught mysqli_sql_exception: Operation not permitted in /home/u902894566/domains/sagarstarters.com/public_html/includes/db_connect.php:30
Stack trace:
#0 /home/u902894566/domains/sagarstarters.com/public_html/includes/db_connect.php(30): mysqli->__construct()
#1 /home/u902894566/domains/sagarstarters.com/public_html/product.php(3): require_once('/home/u90289456...')
#2 {main}
  thrown in /home/u902894566/domains/sagarstarters.com/public_html/includes/db_connect.php on line 30
[03-Jul-2026 14:04:54 UTC] PHP Fatal error:  Uncaught mysqli_sql_exception: Operation not permitted in /home/u902894566/domains/sagarstarters.com/public_html/includes/db_connect.php:30
Stack trace:
#0 /home/u902894566/domains/sagarstarters.com/public_html/includes/db_connect.php(30): mysqli->__construct()
#1 /home/u902894566/domains/sagarstarters.com/public_html/product.php(3): require_once('/home/u90289456...')
#2 {main}
  thrown in /home/u902894566/domains/sagarstarters.com/public_html/includes/db_connect.php on line 30
[03-Jul-2026 14:04:54 UTC] PHP Fatal error:  Uncaught mysqli_sql_exception: Operation not permitted in /home/u902894566/domains/sagarstarters.com/public_html/includes/db_connect.php:30
Stack trace:
#0 /home/u902894566/domains/sagarstarters.com/public_html/includes/db_connect.php(30): mysqli->__construct()
#1 /home/u902894566/domains/sagarstarters.com/public_html/product.php(3): require_once('/home/u90289456...')
#2 {main}
  thrown in /home/u902894566/domains/sagarstarters.com/public_html/includes/db_connect.php on line 30
[03-Jul-2026 14:04:54 UTC] PHP Fatal error:  Uncaught mysqli_sql_exception: Operation not permitted in /home/u902894566/domains/sagarstarters.com/public_html/includes/db_connect.php:30
Stack trace:
#0 /home/u902894566/domains/sagarstarters.com/public_html/includes/db_connect.php(30): mysqli->__construct()
#1 /home/u902894566/domains/sagarstarters.com/public_html/product.php(3): require_once('/home/u90289456...')
#2 {main}
  thrown in /home/u902894566/domains/sagarstarters.com/public_html/includes/db_connect.php on line 30
[03-Jul-2026 14:04:54 UTC] PHP Fatal error:  Uncaught mysqli_sql_exception: Operation not permitted in /home/u902894566/domains/sagarstarters.com/public_html/includes/db_connect.php:30
Stack trace:
#0 /home/u902894566/domains/sagarstarters.com/public_html/includes/db_connect.php(30): mysqli->__construct()
#1 /home/u902894566/domains/sagarstarters.com/public_html/product.php(3): require_once('/home/u90289456...')
#2 {main}
  thrown in /home/u902894566/domains/sagarstarters.com/public_html/includes/db_connect.php on line 30
[03-Jul-2026 14:04:54 UTC] PHP Fatal error:  Uncaught mysqli_sql_exception: Operation not permitted in /home/u902894566/domains/sagarstarters.com/public_html/includes/db_connect.php:30
Stack trace:
#0 /home/u902894566/domains/sagarstarters.com/public_html/includes/db_connect.php(30): mysqli->__construct()
#1 /home/u902894566/domains/sagarstarters.com/public_html/product.php(3): require_once('/home/u90289456...')
#2 {main}
  thrown in /home/u902894566/domains/sagarstarters.com/public_html/includes/db_connect.php on line 30
[03-Jul-2026 14:04:54 UTC] PHP Fatal error:  Uncaught mysqli_sql_exception: Operation not permitted in /home/u902894566/domains/sagarstarters.com/public_html/includes/db_connect.php:30
Stack trace:
#0 /home/u902894566/domains/sagarstarters.com/public_html/includes/db_connect.php(30): mysqli->__construct()
#1 /home/u902894566/domains/sagarstarters.com/public_html/product.php(3): require_once('/home/u90289456...')
#2 {main}
  thrown in /home/u902894566/domains/sagarstarters.com/public_html/includes/db_connect.php on line 30
[03-Jul-2026 14:04:54 UTC] PHP Fatal error:  Uncaught mysqli_sql_exception: Operation not permitted in /home/u902894566/domains/sagarstarters.com/public_html/includes/db_connect.php:30
Stack trace:
#0 /home/u902894566/domains/sagarstarters.com/public_html/includes/db_connect.php(30): mysqli->__construct()
#1 /home/u902894566/domains/sagarstarters.com/public_html/product.php(3): require_once('/home/u90289456...')
#2 {main}
  thrown in /home/u902894566/domains/sagarstarters.com/public_html/includes/db_connect.php on line 30
[03-Jul-2026 14:04:54 UTC] PHP Fatal error:  Uncaught mysqli_sql_exception: Operation not permitted in /home/u902894566/domains/sagarstarters.com/public_html/includes/db_connect.php:30
Stack trace:
#0 /home/u902894566/domains/sagarstarters.com/public_html/includes/db_connect.php(30): mysqli->__construct()
#1 /home/u902894566/domains/sagarstarters.com/public_html/product.php(3): require_once('/home/u90289456...')
#2 {main}
  thrown in /home/u902894566/domains/sagarstarters.com/public_html/includes/db_connect.php on line 30
[03-Jul-2026 14:04:54 UTC] PHP Fatal error:  Uncaught mysqli_sql_exception: Operation not permitted in /home/u902894566/domains/sagarstarters.com/public_html/includes/db_connect.php:30
Stack trace:
#0 /home/u902894566/domains/sagarstarters.com/public_html/includes/db_connect.php(30): mysqli->__construct()
#1 /home/u902894566/domains/sagarstarters.com/public_html/product.php(3): require_once('/home/u90289456...')
#2 {main}
  thrown in /home/u902894566/domains/sagarstarters.com/public_html/includes/db_connect.php on line 30
[03-Jul-2026 14:04:55 UTC] PHP Fatal error:  Uncaught mysqli_sql_exception: Operation not permitted in /home/u902894566/domains/sagarstarters.com/public_html/includes/db_connect.php:30
Stack trace:
#0 /home/u902894566/domains/sagarstarters.com/public_html/includes/db_connect.php(30): mysqli->__construct()
#1 /home/u902894566/domains/sagarstarters.com/public_html/product.php(3): require_once('/home/u90289456...')
#2 {main}
  thrown in /home/u902894566/domains/sagarstarters.com/public_html/includes/db_connect.php on line 30
[03-Jul-2026 14:04:55 UTC] PHP Fatal error:  Uncaught mysqli_sql_exception: Operation not permitted in /home/u902894566/domains/sagarstarters.com/public_html/includes/db_connect.php:30
Stack trace:
#0 /home/u902894566/domains/sagarstarters.com/public_html/includes/db_connect.php(30): mysqli->__construct()
#1 /home/u902894566/domains/sagarstarters.com/public_html/product.php(3): require_once('/home/u90289456...')
#2 {main}
  thrown in /home/u902894566/domains/sagarstarters.com/public_html/includes/db_connect.php on line 30
[03-Jul-2026 14:04:55 UTC] PHP Fatal error:  Uncaught mysqli_sql_exception: Operation not permitted in /home/u902894566/domains/sagarstarters.com/public_html/includes/db_connect.php:30
Stack trace:
#0 /home/u902894566/domains/sagarstarters.com/public_html/includes/db_connect.php(30): mysqli->__construct()
#1 /home/u902894566/domains/sagarstarters.com/public_html/product.php(3): require_once('/home/u90289456...')
#2 {main}
  thrown in /home/u902894566/domains/sagarstarters.com/public_html/includes/db_connect.php on line 30
[03-Jul-2026 14:04:55 UTC] PHP Fatal error:  Uncaught mysqli_sql_exception: Operation not permitted in /home/u902894566/domains/sagarstarters.com/public_html/includes/db_connect.php:30
Stack trace:
#0 /home/u902894566/domains/sagarstarters.com/public_html/includes/db_connect.php(30): mysqli->__construct()
#1 /home/u902894566/domains/sagarstarters.com/public_html/product.php(3): require_once('/home/u90289456...')
#2 {main}
  thrown in /home/u902894566/domains/sagarstarters.com/public_html/includes/db_connect.php on line 30
[03-Jul-2026 14:04:55 UTC] PHP Fatal error:  Uncaught mysqli_sql_exception: Operation not permitted in /home/u902894566/domains/sagarstarters.com/public_html/includes/db_connect.php:30
Stack trace:
#0 /home/u902894566/domains/sagarstarters.com/public_html/includes/db_connect.php(30): mysqli->__construct()
#1 /home/u902894566/domains/sagarstarters.com/public_html/product.php(3): require_once('/home/u90289456...')
#2 {main}
  thrown in /home/u902894566/domains/sagarstarters.com/public_html/includes/db_connect.php on line 30
[03-Jul-2026 14:04:55 UTC] PHP Fatal error:  Uncaught mysqli_sql_exception: Operation not permitted in /home/u902894566/domains/sagarstarters.com/public_html/includes/db_connect.php:30
Stack trace:
#0 /home/u902894566/domains/sagarstarters.com/public_html/includes/db_connect.php(30): mysqli->__construct()
#1 /home/u902894566/domains/sagarstarters.com/public_html/product.php(3): require_once('/home/u90289456...')
#2 {main}
  thrown in /home/u902894566/domains/sagarstarters.com/public_html/includes/db_connect.php on line 30
[03-Jul-2026 14:04:55 UTC] PHP Fatal error:  Uncaught mysqli_sql_exception: Operation not permitted in /home/u902894566/domains/sagarstarters.com/public_html/includes/db_connect.php:30
Stack trace:
#0 /home/u902894566/domains/sagarstarters.com/public_html/includes/db_connect.php(30): mysqli->__construct()
#1 /home/u902894566/domains/sagarstarters.com/public_html/product.php(3): require_once('/home/u90289456...')
#2 {main}
  thrown in /home/u902894566/domains/sagarstarters.com/public_html/includes/db_connect.php on line 30
[03-Jul-2026 14:04:55 UTC] PHP Fatal error:  Uncaught mysqli_sql_exception: Operation not permitted in /home/u902894566/domains/sagarstarters.com/public_html/includes/db_connect.php:30
Stack trace:
#0 /home/u902894566/domains/sagarstarters.com/public_html/includes/db_connect.php(30): mysqli->__construct()
#1 /home/u902894566/domains/sagarstarters.com/public_html/product.php(3): require_once('/home/u90289456...')
#2 {main}
  thrown in /home/u902894566/domains/sagarstarters.com/public_html/includes/db_connect.php on line 30
[03-Jul-2026 20:59:45 Asia/Kolkata] PHP Fatal error:  Uncaught mysqli_sql_exception: Unknown column 'status' in 'WHERE' in /home/u902894566/domains/sagarstarters.com/public_html/sitemap.php:42
Stack trace:
#0 /home/u902894566/domains/sagarstarters.com/public_html/sitemap.php(42): mysqli->query()
#1 {main}
  thrown in /home/u902894566/domains/sagarstarters.com/public_html/sitemap.php on line 42
[03-Jul-2026 22:41:27 Asia/Kolkata] PHP Fatal error:  Uncaught mysqli_sql_exception: Unknown column 'status' in 'WHERE' in /home/u902894566/domains/sagarstarters.com/public_html/sitemap.php:42
Stack trace:
#0 /home/u902894566/domains/sagarstarters.com/public_html/sitemap.php(42): mysqli->query()
#1 {main}
  thrown in /home/u902894566/domains/sagarstarters.com/public_html/sitemap.php on line 42
[03-Jul-2026 23:17:17 Asia/Kolkata] PHP Fatal error:  Uncaught mysqli_sql_exception: Unknown column 'status' in 'WHERE' in /home/u902894566/domains/sagarstarters.com/public_html/sitemap.php:42
Stack trace:
#0 /home/u902894566/domains/sagarstarters.com/public_html/sitemap.php(42): mysqli->query()
#1 {main}
  thrown in /home/u902894566/domains/sagarstarters.com/public_html/sitemap.php on line 42
[04-Jul-2026 00:16:42 Asia/Kolkata] PHP Fatal error:  Uncaught mysqli_sql_exception: Unknown column 'status' in 'WHERE' in /home/u902894566/domains/sagarstarters.com/public_html/sitemap.php:42
Stack trace:
#0 /home/u902894566/domains/sagarstarters.com/public_html/sitemap.php(42): mysqli->query()
#1 {main}
  thrown in /home/u902894566/domains/sagarstarters.com/public_html/sitemap.php on line 42
[04-Jul-2026 01:05:43 Asia/Kolkata] PHP Fatal error:  Uncaught mysqli_sql_exception: Unknown column 'status' in 'WHERE' in /home/u902894566/domains/sagarstarters.com/public_html/sitemap.php:42
Stack trace:
#0 /home/u902894566/domains/sagarstarters.com/public_html/sitemap.php(42): mysqli->query()
#1 {main}
  thrown in /home/u902894566/domains/sagarstarters.com/public_html/sitemap.php on line 42
[04-Jul-2026 02:08:26 Asia/Kolkata] PHP Fatal error:  Uncaught mysqli_sql_exception: Unknown column 'status' in 'WHERE' in /home/u902894566/domains/sagarstarters.com/public_html/sitemap.php:42
Stack trace:
#0 /home/u902894566/domains/sagarstarters.com/public_html/sitemap.php(42): mysqli->query()
#1 {main}
  thrown in /home/u902894566/domains/sagarstarters.com/public_html/sitemap.php on line 42
[04-Jul-2026 03:07:34 Asia/Kolkata] PHP Fatal error:  Uncaught mysqli_sql_exception: Unknown column 'status' in 'WHERE' in /home/u902894566/domains/sagarstarters.com/public_html/sitemap.php:42
Stack trace:
#0 /home/u902894566/domains/sagarstarters.com/public_html/sitemap.php(42): mysqli->query()
#1 {main}
  thrown in /home/u902894566/domains/sagarstarters.com/public_html/sitemap.php on line 42
[04-Jul-2026 04:16:57 Asia/Kolkata] PHP Fatal error:  Uncaught mysqli_sql_exception: Unknown column 'status' in 'WHERE' in /home/u902894566/domains/sagarstarters.com/public_html/sitemap.php:42
Stack trace:
#0 /home/u902894566/domains/sagarstarters.com/public_html/sitemap.php(42): mysqli->query()
#1 {main}
  thrown in /home/u902894566/domains/sagarstarters.com/public_html/sitemap.php on line 42
[04-Jul-2026 05:26:02 Asia/Kolkata] PHP Fatal error:  Uncaught mysqli_sql_exception: Unknown column 'status' in 'WHERE' in /home/u902894566/domains/sagarstarters.com/public_html/sitemap.php:42
Stack trace:
#0 /home/u902894566/domains/sagarstarters.com/public_html/sitemap.php(42): mysqli->query()
#1 {main}
  thrown in /home/u902894566/domains/sagarstarters.com/public_html/sitemap.php on line 42
[04-Jul-2026 06:28:59 Asia/Kolkata] PHP Fatal error:  Uncaught mysqli_sql_exception: Unknown column 'status' in 'WHERE' in /home/u902894566/domains/sagarstarters.com/public_html/sitemap.php:42
Stack trace:
#0 /home/u902894566/domains/sagarstarters.com/public_html/sitemap.php(42): mysqli->query()
#1 {main}
  thrown in /home/u902894566/domains/sagarstarters.com/public_html/sitemap.php on line 42
[04-Jul-2026 07:19:37 Asia/Kolkata] PHP Fatal error:  Uncaught mysqli_sql_exception: Unknown column 'status' in 'WHERE' in /home/u902894566/domains/sagarstarters.com/public_html/sitemap.php:42
Stack trace:
#0 /home/u902894566/domains/sagarstarters.com/public_html/sitemap.php(42): mysqli->query()
#1 {main}
  thrown in /home/u902894566/domains/sagarstarters.com/public_html/sitemap.php on line 42
[04-Jul-2026 08:22:42 Asia/Kolkata] PHP Fatal error:  Uncaught mysqli_sql_exception: Unknown column 'status' in 'WHERE' in /home/u902894566/domains/sagarstarters.com/public_html/sitemap.php:42
Stack trace:
#0 /home/u902894566/domains/sagarstarters.com/public_html/sitemap.php(42): mysqli->query()
#1 {main}
  thrown in /home/u902894566/domains/sagarstarters.com/public_html/sitemap.php on line 42
[04-Jul-2026 10:17:12 Asia/Kolkata] PHP Fatal error:  Uncaught mysqli_sql_exception: Unknown column 'status' in 'WHERE' in /home/u902894566/domains/sagarstarters.com/public_html/sitemap.php:42
Stack trace:
#0 /home/u902894566/domains/sagarstarters.com/public_html/sitemap.php(42): mysqli->query()
#1 {main}
  thrown in /home/u902894566/domains/sagarstarters.com/public_html/sitemap.php on line 42
[04-Jul-2026 12:17:59 Asia/Kolkata] PHP Fatal error:  Uncaught mysqli_sql_exception: Unknown column 'status' in 'WHERE' in /home/u902894566/domains/sagarstarters.com/public_html/sitemap.php:42
Stack trace:
#0 /home/u902894566/domains/sagarstarters.com/public_html/sitemap.php(42): mysqli->query()
#1 {main}
  thrown in /home/u902894566/domains/sagarstarters.com/public_html/sitemap.php on line 42
[04-Jul-2026 13:08:52 Asia/Kolkata] PHP Fatal error:  Uncaught mysqli_sql_exception: Unknown column 'status' in 'WHERE' in /home/u902894566/domains/sagarstarters.com/public_html/sitemap.php:42
Stack trace:
#0 /home/u902894566/domains/sagarstarters.com/public_html/sitemap.php(42): mysqli->query()
#1 {main}
  thrown in /home/u902894566/domains/sagarstarters.com/public_html/sitemap.php on line 42
[04-Jul-2026 16:06:54 Asia/Kolkata] PHP Fatal error:  Uncaught mysqli_sql_exception: Unknown column 'status' in 'WHERE' in /home/u902894566/domains/sagarstarters.com/public_html/sitemap.php:42
Stack trace:
#0 /home/u902894566/domains/sagarstarters.com/public_html/sitemap.php(42): mysqli->query()
#1 {main}
  thrown in /home/u902894566/domains/sagarstarters.com/public_html/sitemap.php on line 42
[04-Jul-2026 17:12:35 Asia/Kolkata] PHP Fatal error:  Uncaught mysqli_sql_exception: Unknown column 'status' in 'WHERE' in /home/u902894566/domains/sagarstarters.com/public_html/sitemap.php:42
Stack trace:
#0 /home/u902894566/domains/sagarstarters.com/public_html/sitemap.php(42): mysqli->query()
#1 {main}
  thrown in /home/u902894566/domains/sagarstarters.com/public_html/sitemap.php on line 42
[04-Jul-2026 18:18:05 Asia/Kolkata] PHP Fatal error:  Uncaught mysqli_sql_exception: Unknown column 'status' in 'WHERE' in /home/u902894566/domains/sagarstarters.com/public_html/sitemap.php:42
Stack trace:
#0 /home/u902894566/domains/sagarstarters.com/public_html/sitemap.php(42): mysqli->query()
#1 {main}
  thrown in /home/u902894566/domains/sagarstarters.com/public_html/sitemap.php on line 42
[04-Jul-2026 19:21:29 Asia/Kolkata] PHP Fatal error:  Uncaught mysqli_sql_exception: Unknown column 'status' in 'WHERE' in /home/u902894566/domains/sagarstarters.com/public_html/sitemap.php:42
Stack trace:
#0 /home/u902894566/domains/sagarstarters.com/public_html/sitemap.php(42): mysqli->query()
#1 {main}
  thrown in /home/u902894566/domains/sagarstarters.com/public_html/sitemap.php on line 42
[04-Jul-2026 20:10:14 Asia/Kolkata] PHP Fatal error:  Uncaught mysqli_sql_exception: Unknown column 'status' in 'WHERE' in /home/u902894566/domains/sagarstarters.com/public_html/sitemap.php:42
Stack trace:
#0 /home/u902894566/domains/sagarstarters.com/public_html/sitemap.php(42): mysqli->query()
#1 {main}
  thrown in /home/u902894566/domains/sagarstarters.com/public_html/sitemap.php on line 42
[04-Jul-2026 21:11:49 Asia/Kolkata] PHP Fatal error:  Uncaught mysqli_sql_exception: Unknown column 'status' in 'WHERE' in /home/u902894566/domains/sagarstarters.com/public_html/sitemap.php:42
Stack trace:
#0 /home/u902894566/domains/sagarstarters.com/public_html/sitemap.php(42): mysqli->query()
#1 {main}
  thrown in /home/u902894566/domains/sagarstarters.com/public_html/sitemap.php on line 42
[04-Jul-2026 22:02:32 Asia/Kolkata] PHP Fatal error:  Uncaught mysqli_sql_exception: Unknown column 'status' in 'WHERE' in /home/u902894566/domains/sagarstarters.com/public_html/sitemap.php:42
Stack trace:
#0 /home/u902894566/domains/sagarstarters.com/public_html/sitemap.php(42): mysqli->query()
#1 {main}
  thrown in /home/u902894566/domains/sagarstarters.com/public_html/sitemap.php on line 42
[04-Jul-2026 23:15:28 Asia/Kolkata] PHP Fatal error:  Uncaught mysqli_sql_exception: Unknown column 'status' in 'WHERE' in /home/u902894566/domains/sagarstarters.com/public_html/sitemap.php:42
Stack trace:
#0 /home/u902894566/domains/sagarstarters.com/public_html/sitemap.php(42): mysqli->query()
#1 {main}
  thrown in /home/u902894566/domains/sagarstarters.com/public_html/sitemap.php on line 42
[04-Jul-2026 23:17:31 Asia/Kolkata] PHP Fatal error:  Uncaught mysqli_sql_exception: Unknown column 'status' in 'WHERE' in /home/u902894566/domains/sagarstarters.com/public_html/sitemap.php:42
Stack trace:
#0 /home/u902894566/domains/sagarstarters.com/public_html/sitemap.php(42): mysqli->query()
#1 {main}
  thrown in /home/u902894566/domains/sagarstarters.com/public_html/sitemap.php on line 42
[05-Jul-2026 00:15:03 Asia/Kolkata] PHP Fatal error:  Uncaught mysqli_sql_exception: Unknown column 'status' in 'WHERE' in /home/u902894566/domains/sagarstarters.com/public_html/sitemap.php:42
Stack trace:
#0 /home/u902894566/domains/sagarstarters.com/public_html/sitemap.php(42): mysqli->query()
#1 {main}
  thrown in /home/u902894566/domains/sagarstarters.com/public_html/sitemap.php on line 42
[05-Jul-2026 01:18:09 Asia/Kolkata] PHP Fatal error:  Uncaught mysqli_sql_exception: Unknown column 'status' in 'WHERE' in /home/u902894566/domains/sagarstarters.com/public_html/sitemap.php:42
Stack trace:
#0 /home/u902894566/domains/sagarstarters.com/public_html/sitemap.php(42): mysqli->query()
#1 {main}
  thrown in /home/u902894566/domains/sagarstarters.com/public_html/sitemap.php on line 42
[05-Jul-2026 02:09:19 Asia/Kolkata] PHP Fatal error:  Uncaught mysqli_sql_exception: Unknown column 'status' in 'WHERE' in /home/u902894566/domains/sagarstarters.com/public_html/sitemap.php:42
Stack trace:
#0 /home/u902894566/domains/sagarstarters.com/public_html/sitemap.php(42): mysqli->query()
#1 {main}
  thrown in /home/u902894566/domains/sagarstarters.com/public_html/sitemap.php on line 42
[05-Jul-2026 03:01:39 Asia/Kolkata] PHP Fatal error:  Uncaught mysqli_sql_exception: Unknown column 'status' in 'WHERE' in /home/u902894566/domains/sagarstarters.com/public_html/sitemap.php:42
Stack trace:
#0 /home/u902894566/domains/sagarstarters.com/public_html/sitemap.php(42): mysqli->query()
#1 {main}
  thrown in /home/u902894566/domains/sagarstarters.com/public_html/sitemap.php on line 42
[05-Jul-2026 04:06:55 Asia/Kolkata] PHP Fatal error:  Uncaught mysqli_sql_exception: Unknown column 'status' in 'WHERE' in /home/u902894566/domains/sagarstarters.com/public_html/sitemap.php:42
Stack trace:
#0 /home/u902894566/domains/sagarstarters.com/public_html/sitemap.php(42): mysqli->query()
#1 {main}
  thrown in /home/u902894566/domains/sagarstarters.com/public_html/sitemap.php on line 42
[05-Jul-2026 06:18:20 Asia/Kolkata] PHP Fatal error:  Uncaught mysqli_sql_exception: Unknown column 'status' in 'WHERE' in /home/u902894566/domains/sagarstarters.com/public_html/sitemap.php:42
Stack trace:
#0 /home/u902894566/domains/sagarstarters.com/public_html/sitemap.php(42): mysqli->query()
#1 {main}
  thrown in /home/u902894566/domains/sagarstarters.com/public_html/sitemap.php on line 42
[05-Jul-2026 08:18:59 Asia/Kolkata] PHP Fatal error:  Uncaught mysqli_sql_exception: Unknown column 'status' in 'WHERE' in /home/u902894566/domains/sagarstarters.com/public_html/sitemap.php:42
Stack trace:
#0 /home/u902894566/domains/sagarstarters.com/public_html/sitemap.php(42): mysqli->query()
#1 {main}
  thrown in /home/u902894566/domains/sagarstarters.com/public_html/sitemap.php on line 42
[05-Jul-2026 09:27:26 Asia/Kolkata] PHP Fatal error:  Uncaught mysqli_sql_exception: Unknown column 'status' in 'WHERE' in /home/u902894566/domains/sagarstarters.com/public_html/sitemap.php:42
Stack trace:
#0 /home/u902894566/domains/sagarstarters.com/public_html/sitemap.php(42): mysqli->query()
#1 {main}
  thrown in /home/u902894566/domains/sagarstarters.com/public_html/sitemap.php on line 42
[05-Jul-2026 10:15:08 Asia/Kolkata] PHP Fatal error:  Uncaught mysqli_sql_exception: Unknown column 'status' in 'WHERE' in /home/u902894566/domains/sagarstarters.com/public_html/sitemap.php:42
Stack trace:
#0 /home/u902894566/domains/sagarstarters.com/public_html/sitemap.php(42): mysqli->query()
#1 {main}
  thrown in /home/u902894566/domains/sagarstarters.com/public_html/sitemap.php on line 42
[05-Jul-2026 11:11:34 Asia/Kolkata] PHP Fatal error:  Uncaught mysqli_sql_exception: Unknown column 'status' in 'WHERE' in /home/u902894566/domains/sagarstarters.com/public_html/sitemap.php:42
Stack trace:
#0 /home/u902894566/domains/sagarstarters.com/public_html/sitemap.php(42): mysqli->query()
#1 {main}
  thrown in /home/u902894566/domains/sagarstarters.com/public_html/sitemap.php on line 42
[05-Jul-2026 11:49:41 Asia/Kolkata] PHP Fatal error:  Uncaught mysqli_sql_exception: Unknown column 'status' in 'WHERE' in /home/u902894566/domains/sagarstarters.com/public_html/sitemap.php:42
Stack trace:
#0 /home/u902894566/domains/sagarstarters.com/public_html/sitemap.php(42): mysqli->query()
#1 {main}
  thrown in /home/u902894566/domains/sagarstarters.com/public_html/sitemap.php on line 42
[05-Jul-2026 12:08:13 Asia/Kolkata] PHP Fatal error:  Uncaught mysqli_sql_exception: Unknown column 'status' in 'WHERE' in /home/u902894566/domains/sagarstarters.com/public_html/sitemap.php:42
Stack trace:
#0 /home/u902894566/domains/sagarstarters.com/public_html/sitemap.php(42): mysqli->query()
#1 {main}
  thrown in /home/u902894566/domains/sagarstarters.com/public_html/sitemap.php on line 42
[05-Jul-2026 13:06:04 Asia/Kolkata] PHP Fatal error:  Uncaught mysqli_sql_exception: Unknown column 'status' in 'WHERE' in /home/u902894566/domains/sagarstarters.com/public_html/sitemap.php:42
Stack trace:
#0 /home/u902894566/domains/sagarstarters.com/public_html/sitemap.php(42): mysqli->query()
#1 {main}
  thrown in /home/u902894566/domains/sagarstarters.com/public_html/sitemap.php on line 42
[05-Jul-2026 13:32:28 Asia/Kolkata] PHP Fatal error:  Uncaught mysqli_sql_exception: Unknown column 'status' in 'WHERE' in /home/u902894566/domains/sagarstarters.com/public_html/sitemap.php:42
Stack trace:
#0 /home/u902894566/domains/sagarstarters.com/public_html/sitemap.php(42): mysqli->query()
#1 {main}
  thrown in /home/u902894566/domains/sagarstarters.com/public_html/sitemap.php on line 42
[05-Jul-2026 15:18:43 Asia/Kolkata] PHP Fatal error:  Uncaught mysqli_sql_exception: Unknown column 'status' in 'WHERE' in /home/u902894566/domains/sagarstarters.com/public_html/sitemap.php:42
Stack trace:
#0 /home/u902894566/domains/sagarstarters.com/public_html/sitemap.php(42): mysqli->query()
#1 {main}
  thrown in /home/u902894566/domains/sagarstarters.com/public_html/sitemap.php on line 42
[05-Jul-2026 15:44:56 Asia/Kolkata] PHP Fatal error:  Uncaught mysqli_sql_exception: Unknown column 'status' in 'WHERE' in /home/u902894566/domains/sagarstarters.com/public_html/sitemap.php:42
Stack trace:
#0 /home/u902894566/domains/sagarstarters.com/public_html/sitemap.php(42): mysqli->query()
#1 {main}
  thrown in /home/u902894566/domains/sagarstarters.com/public_html/sitemap.php on line 42
[05-Jul-2026 17:12:36 Asia/Kolkata] PHP Fatal error:  Uncaught mysqli_sql_exception: Unknown column 'status' in 'WHERE' in /home/u902894566/domains/sagarstarters.com/public_html/sitemap.php:42
Stack trace:
#0 /home/u902894566/domains/sagarstarters.com/public_html/sitemap.php(42): mysqli->query()
#1 {main}
  thrown in /home/u902894566/domains/sagarstarters.com/public_html/sitemap.php on line 42
[05-Jul-2026 18:18:06 Asia/Kolkata] PHP Fatal error:  Uncaught mysqli_sql_exception: Unknown column 'status' in 'WHERE' in /home/u902894566/domains/sagarstarters.com/public_html/sitemap.php:42
Stack trace:
#0 /home/u902894566/domains/sagarstarters.com/public_html/sitemap.php(42): mysqli->query()
#1 {main}
  thrown in /home/u902894566/domains/sagarstarters.com/public_html/sitemap.php on line 42
[05-Jul-2026 18:43:51 Asia/Kolkata] PHP Fatal error:  Uncaught mysqli_sql_exception: Unknown column 'status' in 'WHERE' in /home/u902894566/domains/sagarstarters.com/public_html/sitemap.php:42
Stack trace:
#0 /home/u902894566/domains/sagarstarters.com/public_html/sitemap.php(42): mysqli->query()
#1 {main}
  thrown in /home/u902894566/domains/sagarstarters.com/public_html/sitemap.php on line 42
[05-Jul-2026 19:19:44 Asia/Kolkata] PHP Fatal error:  Uncaught mysqli_sql_exception: Unknown column 'status' in 'WHERE' in /home/u902894566/domains/sagarstarters.com/public_html/sitemap.php:42
Stack trace:
#0 /home/u902894566/domains/sagarstarters.com/public_html/sitemap.php(42): mysqli->query()
#1 {main}
  thrown in /home/u902894566/domains/sagarstarters.com/public_html/sitemap.php on line 42
[05-Jul-2026 20:21:09 Asia/Kolkata] PHP Fatal error:  Uncaught mysqli_sql_exception: Unknown column 'status' in 'WHERE' in /home/u902894566/domains/sagarstarters.com/public_html/sitemap.php:42
Stack trace:
#0 /home/u902894566/domains/sagarstarters.com/public_html/sitemap.php(42): mysqli->query()
#1 {main}
  thrown in /home/u902894566/domains/sagarstarters.com/public_html/sitemap.php on line 42
[05-Jul-2026 21:19:51 Asia/Kolkata] PHP Fatal error:  Uncaught mysqli_sql_exception: Unknown column 'status' in 'WHERE' in /home/u902894566/domains/sagarstarters.com/public_html/sitemap.php:42
Stack trace:
#0 /home/u902894566/domains/sagarstarters.com/public_html/sitemap.php(42): mysqli->query()
#1 {main}
  thrown in /home/u902894566/domains/sagarstarters.com/public_html/sitemap.php on line 42
[05-Jul-2026 22:09:28 Asia/Kolkata] PHP Fatal error:  Uncaught mysqli_sql_exception: Unknown column 'status' in 'WHERE' in /home/u902894566/domains/sagarstarters.com/public_html/sitemap.php:42
Stack trace:
#0 /home/u902894566/domains/sagarstarters.com/public_html/sitemap.php(42): mysqli->query()
#1 {main}
  thrown in /home/u902894566/domains/sagarstarters.com/public_html/sitemap.php on line 42
[06-Jul-2026 00:17:23 Asia/Kolkata] PHP Fatal error:  Uncaught mysqli_sql_exception: Unknown column 'status' in 'WHERE' in /home/u902894566/domains/sagarstarters.com/public_html/sitemap.php:42
Stack trace:
#0 /home/u902894566/domains/sagarstarters.com/public_html/sitemap.php(42): mysqli->query()
#1 {main}
  thrown in /home/u902894566/domains/sagarstarters.com/public_html/sitemap.php on line 42
[06-Jul-2026 02:24:10 Asia/Kolkata] PHP Fatal error:  Uncaught mysqli_sql_exception: Unknown column 'status' in 'WHERE' in /home/u902894566/domains/sagarstarters.com/public_html/sitemap.php:42
Stack trace:
#0 /home/u902894566/domains/sagarstarters.com/public_html/sitemap.php(42): mysqli->query()
#1 {main}
  thrown in /home/u902894566/domains/sagarstarters.com/public_html/sitemap.php on line 42
[06-Jul-2026 03:53:39 Asia/Kolkata] PHP Fatal error:  Uncaught mysqli_sql_exception: Unknown column 'status' in 'WHERE' in /home/u902894566/domains/sagarstarters.com/public_html/sitemap.php:42
Stack trace:
#0 /home/u902894566/domains/sagarstarters.com/public_html/sitemap.php(42): mysqli->query()
#1 {main}
  thrown in /home/u902894566/domains/sagarstarters.com/public_html/sitemap.php on line 42
[06-Jul-2026 04:33:40 Asia/Kolkata] PHP Fatal error:  Uncaught mysqli_sql_exception: Unknown column 'status' in 'WHERE' in /home/u902894566/domains/sagarstarters.com/public_html/sitemap.php:42
Stack trace:
#0 /home/u902894566/domains/sagarstarters.com/public_html/sitemap.php(42): mysqli->query()
#1 {main}
  thrown in /home/u902894566/domains/sagarstarters.com/public_html/sitemap.php on line 42
[06-Jul-2026 04:57:31 Asia/Kolkata] PHP Fatal error:  Uncaught mysqli_sql_exception: Unknown column 'status' in 'WHERE' in /home/u902894566/domains/sagarstarters.com/public_html/sitemap.php:42
Stack trace:
#0 /home/u902894566/domains/sagarstarters.com/public_html/sitemap.php(42): mysqli->query()
#1 {main}
  thrown in /home/u902894566/domains/sagarstarters.com/public_html/sitemap.php on line 42
[06-Jul-2026 06:50:14 Asia/Kolkata] PHP Fatal error:  Uncaught mysqli_sql_exception: Unknown column 'status' in 'WHERE' in /home/u902894566/domains/sagarstarters.com/public_html/sitemap.php:42
Stack trace:
#0 /home/u902894566/domains/sagarstarters.com/public_html/sitemap.php(42): mysqli->query()
#1 {main}
  thrown in /home/u902894566/domains/sagarstarters.com/public_html/sitemap.php on line 42
[06-Jul-2026 07:38:54 Asia/Kolkata] PHP Fatal error:  Uncaught mysqli_sql_exception: Unknown column 'status' in 'WHERE' in /home/u902894566/domains/sagarstarters.com/public_html/sitemap.php:42
Stack trace:
#0 /home/u902894566/domains/sagarstarters.com/public_html/sitemap.php(42): mysqli->query()
#1 {main}
  thrown in /home/u902894566/domains/sagarstarters.com/public_html/sitemap.php on line 42
[06-Jul-2026 09:34:35 Asia/Kolkata] PHP Fatal error:  Uncaught mysqli_sql_exception: Unknown column 'status' in 'WHERE' in /home/u902894566/domains/sagarstarters.com/public_html/sitemap.php:42
Stack trace:
#0 /home/u902894566/domains/sagarstarters.com/public_html/sitemap.php(42): mysqli->query()
#1 {main}
  thrown in /home/u902894566/domains/sagarstarters.com/public_html/sitemap.php on line 42
[06-Jul-2026 10:35:04 Asia/Kolkata] PHP Fatal error:  Uncaught mysqli_sql_exception: Unknown column 'status' in 'WHERE' in /home/u902894566/domains/sagarstarters.com/public_html/sitemap.php:42
Stack trace:
#0 /home/u902894566/domains/sagarstarters.com/public_html/sitemap.php(42): mysqli->query()
#1 {main}
  thrown in /home/u902894566/domains/sagarstarters.com/public_html/sitemap.php on line 42
[06-Jul-2026 12:22:23 Asia/Kolkata] PHP Fatal error:  Uncaught mysqli_sql_exception: Unknown column 'status' in 'WHERE' in /home/u902894566/domains/sagarstarters.com/public_html/sitemap.php:42
Stack trace:
#0 /home/u902894566/domains/sagarstarters.com/public_html/sitemap.php(42): mysqli->query()
#1 {main}
  thrown in /home/u902894566/domains/sagarstarters.com/public_html/sitemap.php on line 42
[06-Jul-2026 13:06:24 Asia/Kolkata] PHP Fatal error:  Uncaught mysqli_sql_exception: Unknown column 'status' in 'WHERE' in /home/u902894566/domains/sagarstarters.com/public_html/sitemap.php:42
Stack trace:
#0 /home/u902894566/domains/sagarstarters.com/public_html/sitemap.php(42): mysqli->query()
#1 {main}
  thrown in /home/u902894566/domains/sagarstarters.com/public_html/sitemap.php on line 42
[06-Jul-2026 13:30:36 Asia/Kolkata] PHP Fatal error:  Uncaught mysqli_sql_exception: Unknown column 'status' in 'WHERE' in /home/u902894566/domains/sagarstarters.com/public_html/sitemap.php:42
Stack trace:
#0 /home/u902894566/domains/sagarstarters.com/public_html/sitemap.php(42): mysqli->query()
#1 {main}
  thrown in /home/u902894566/domains/sagarstarters.com/public_html/sitemap.php on line 42
[06-Jul-2026 14:21:05 Asia/Kolkata] PHP Fatal error:  Uncaught mysqli_sql_exception: Unknown column 'status' in 'WHERE' in /home/u902894566/domains/sagarstarters.com/public_html/sitemap.php:42
Stack trace:
#0 /home/u902894566/domains/sagarstarters.com/public_html/sitemap.php(42): mysqli->query()
#1 {main}
  thrown in /home/u902894566/domains/sagarstarters.com/public_html/sitemap.php on line 42
[06-Jul-2026 15:17:19 Asia/Kolkata] PHP Fatal error:  Uncaught mysqli_sql_exception: Unknown column 'status' in 'WHERE' in /home/u902894566/domains/sagarstarters.com/public_html/sitemap.php:42
Stack trace:
#0 /home/u902894566/domains/sagarstarters.com/public_html/sitemap.php(42): mysqli->query()
#1 {main}
  thrown in /home/u902894566/domains/sagarstarters.com/public_html/sitemap.php on line 42
[06-Jul-2026 17:19:48 Asia/Kolkata] PHP Fatal error:  Uncaught mysqli_sql_exception: Unknown column 'status' in 'WHERE' in /home/u902894566/domains/sagarstarters.com/public_html/sitemap.php:42
Stack trace:
#0 /home/u902894566/domains/sagarstarters.com/public_html/sitemap.php(42): mysqli->query()
#1 {main}
  thrown in /home/u902894566/domains/sagarstarters.com/public_html/sitemap.php on line 42
[06-Jul-2026 18:27:00 Asia/Kolkata] PHP Fatal error:  Uncaught mysqli_sql_exception: Unknown column 'status' in 'WHERE' in /home/u902894566/domains/sagarstarters.com/public_html/sitemap.php:42
Stack trace:
#0 /home/u902894566/domains/sagarstarters.com/public_html/sitemap.php(42): mysqli->query()
#1 {main}
  thrown in /home/u902894566/domains/sagarstarters.com/public_html/sitemap.php on line 42
[06-Jul-2026 19:22:49 Asia/Kolkata] PHP Fatal error:  Uncaught mysqli_sql_exception: Unknown column 'status' in 'WHERE' in /home/u902894566/domains/sagarstarters.com/public_html/sitemap.php:42
Stack trace:
#0 /home/u902894566/domains/sagarstarters.com/public_html/sitemap.php(42): mysqli->query()
#1 {main}
  thrown in /home/u902894566/domains/sagarstarters.com/public_html/sitemap.php on line 42
[06-Jul-2026 20:13:17 Asia/Kolkata] PHP Fatal error:  Uncaught mysqli_sql_exception: Unknown column 'status' in 'WHERE' in /home/u902894566/domains/sagarstarters.com/public_html/sitemap.php:42
Stack trace:
#0 /home/u902894566/domains/sagarstarters.com/public_html/sitemap.php(42): mysqli->query()
#1 {main}
  thrown in /home/u902894566/domains/sagarstarters.com/public_html/sitemap.php on line 42
[06-Jul-2026 22:04:58 Asia/Kolkata] PHP Fatal error:  Uncaught mysqli_sql_exception: Unknown column 'status' in 'WHERE' in /home/u902894566/domains/sagarstarters.com/public_html/sitemap.php:42
Stack trace:
#0 /home/u902894566/domains/sagarstarters.com/public_html/sitemap.php(42): mysqli->query()
#1 {main}
  thrown in /home/u902894566/domains/sagarstarters.com/public_html/sitemap.php on line 42
[06-Jul-2026 23:06:10 Asia/Kolkata] PHP Fatal error:  Uncaught mysqli_sql_exception: Unknown column 'status' in 'WHERE' in /home/u902894566/domains/sagarstarters.com/public_html/sitemap.php:42
Stack trace:
#0 /home/u902894566/domains/sagarstarters.com/public_html/sitemap.php(42): mysqli->query()
#1 {main}
  thrown in /home/u902894566/domains/sagarstarters.com/public_html/sitemap.php on line 42
[06-Jul-2026 23:07:40 Asia/Kolkata] PHP Fatal error:  Uncaught mysqli_sql_exception: Unknown column 'status' in 'WHERE' in /home/u902894566/domains/sagarstarters.com/public_html/sitemap.php:42
Stack trace:
#0 /home/u902894566/domains/sagarstarters.com/public_html/sitemap.php(42): mysqli->query()
#1 {main}
  thrown in /home/u902894566/domains/sagarstarters.com/public_html/sitemap.php on line 42
[07-Jul-2026 00:04:53 Asia/Kolkata] PHP Fatal error:  Uncaught mysqli_sql_exception: Unknown column 'status' in 'WHERE' in /home/u902894566/domains/sagarstarters.com/public_html/sitemap.php:42
Stack trace:
#0 /home/u902894566/domains/sagarstarters.com/public_html/sitemap.php(42): mysqli->query()
#1 {main}
  thrown in /home/u902894566/domains/sagarstarters.com/public_html/sitemap.php on line 42
[07-Jul-2026 01:08:54 Asia/Kolkata] PHP Fatal error:  Uncaught mysqli_sql_exception: Unknown column 'status' in 'WHERE' in /home/u902894566/domains/sagarstarters.com/public_html/sitemap.php:42
Stack trace:
#0 /home/u902894566/domains/sagarstarters.com/public_html/sitemap.php(42): mysqli->query()
#1 {main}
  thrown in /home/u902894566/domains/sagarstarters.com/public_html/sitemap.php on line 42
[07-Jul-2026 03:26:56 Asia/Kolkata] PHP Fatal error:  Uncaught mysqli_sql_exception: Unknown column 'status' in 'WHERE' in /home/u902894566/domains/sagarstarters.com/public_html/sitemap.php:42
Stack trace:
#0 /home/u902894566/domains/sagarstarters.com/public_html/sitemap.php(42): mysqli->query()
#1 {main}
  thrown in /home/u902894566/domains/sagarstarters.com/public_html/sitemap.php on line 42
[07-Jul-2026 04:10:31 Asia/Kolkata] PHP Fatal error:  Uncaught mysqli_sql_exception: Unknown column 'status' in 'WHERE' in /home/u902894566/domains/sagarstarters.com/public_html/sitemap.php:42
Stack trace:
#0 /home/u902894566/domains/sagarstarters.com/public_html/sitemap.php(42): mysqli->query()
#1 {main}
  thrown in /home/u902894566/domains/sagarstarters.com/public_html/sitemap.php on line 42
[07-Jul-2026 05:05:33 Asia/Kolkata] PHP Fatal error:  Uncaught mysqli_sql_exception: Unknown column 'status' in 'WHERE' in /home/u902894566/domains/sagarstarters.com/public_html/sitemap.php:42
Stack trace:
#0 /home/u902894566/domains/sagarstarters.com/public_html/sitemap.php(42): mysqli->query()
#1 {main}
  thrown in /home/u902894566/domains/sagarstarters.com/public_html/sitemap.php on line 42
[07-Jul-2026 06:06:02 Asia/Kolkata] PHP Fatal error:  Uncaught mysqli_sql_exception: Unknown column 'status' in 'WHERE' in /home/u902894566/domains/sagarstarters.com/public_html/sitemap.php:42
Stack trace:
#0 /home/u902894566/domains/sagarstarters.com/public_html/sitemap.php(42): mysqli->query()
#1 {main}
  thrown in /home/u902894566/domains/sagarstarters.com/public_html/sitemap.php on line 42
[07-Jul-2026 06:35:02 Asia/Kolkata] PHP Fatal error:  Uncaught mysqli_sql_exception: Unknown column 'status' in 'WHERE' in /home/u902894566/domains/sagarstarters.com/public_html/sitemap.php:42
Stack trace:
#0 /home/u902894566/domains/sagarstarters.com/public_html/sitemap.php(42): mysqli->query()
#1 {main}
  thrown in /home/u902894566/domains/sagarstarters.com/public_html/sitemap.php on line 42
[07-Jul-2026 08:00:08 Asia/Kolkata] PHP Fatal error:  Uncaught mysqli_sql_exception: Unknown column 'status' in 'WHERE' in /home/u902894566/domains/sagarstarters.com/public_html/sitemap.php:42
Stack trace:
#0 /home/u902894566/domains/sagarstarters.com/public_html/sitemap.php(42): mysqli->query()
#1 {main}
  thrown in /home/u902894566/domains/sagarstarters.com/public_html/sitemap.php on line 42
[07-Jul-2026 09:35:28 Asia/Kolkata] PHP Fatal error:  Uncaught mysqli_sql_exception: Unknown column 'status' in 'WHERE' in /home/u902894566/domains/sagarstarters.com/public_html/sitemap.php:42
Stack trace:
#0 /home/u902894566/domains/sagarstarters.com/public_html/sitemap.php(42): mysqli->query()
#1 {main}
  thrown in /home/u902894566/domains/sagarstarters.com/public_html/sitemap.php on line 42
[07-Jul-2026 10:09:48 Asia/Kolkata] PHP Fatal error:  Uncaught mysqli_sql_exception: Unknown column 'status' in 'WHERE' in /home/u902894566/domains/sagarstarters.com/public_html/sitemap.php:42
Stack trace:
#0 /home/u902894566/domains/sagarstarters.com/public_html/sitemap.php(42): mysqli->query()
#1 {main}
  thrown in /home/u902894566/domains/sagarstarters.com/public_html/sitemap.php on line 42
[07-Jul-2026 12:11:17 Asia/Kolkata] PHP Fatal error:  Uncaught mysqli_sql_exception: Unknown column 'status' in 'WHERE' in /home/u902894566/domains/sagarstarters.com/public_html/sitemap.php:42
Stack trace:
#0 /home/u902894566/domains/sagarstarters.com/public_html/sitemap.php(42): mysqli->query()
#1 {main}
  thrown in /home/u902894566/domains/sagarstarters.com/public_html/sitemap.php on line 42
[07-Jul-2026 13:04:29 Asia/Kolkata] PHP Fatal error:  Uncaught mysqli_sql_exception: Unknown column 'status' in 'WHERE' in /home/u902894566/domains/sagarstarters.com/public_html/sitemap.php:42
Stack trace:
#0 /home/u902894566/domains/sagarstarters.com/public_html/sitemap.php(42): mysqli->query()
#1 {main}
  thrown in /home/u902894566/domains/sagarstarters.com/public_html/sitemap.php on line 42
[07-Jul-2026 14:11:37 Asia/Kolkata] PHP Fatal error:  Uncaught mysqli_sql_exception: Unknown column 'status' in 'WHERE' in /home/u902894566/domains/sagarstarters.com/public_html/sitemap.php:42
Stack trace:
#0 /home/u902894566/domains/sagarstarters.com/public_html/sitemap.php(42): mysqli->query()
#1 {main}
  thrown in /home/u902894566/domains/sagarstarters.com/public_html/sitemap.php on line 42
[07-Jul-2026 16:19:08 Asia/Kolkata] PHP Fatal error:  Uncaught mysqli_sql_exception: Unknown column 'status' in 'WHERE' in /home/u902894566/domains/sagarstarters.com/public_html/sitemap.php:42
Stack trace:
#0 /home/u902894566/domains/sagarstarters.com/public_html/sitemap.php(42): mysqli->query()
#1 {main}
  thrown in /home/u902894566/domains/sagarstarters.com/public_html/sitemap.php on line 42
[07-Jul-2026 17:10:19 Asia/Kolkata] PHP Fatal error:  Uncaught mysqli_sql_exception: Unknown column 'status' in 'WHERE' in /home/u902894566/domains/sagarstarters.com/public_html/sitemap.php:42
Stack trace:
#0 /home/u902894566/domains/sagarstarters.com/public_html/sitemap.php(42): mysqli->query()
#1 {main}
  thrown in /home/u902894566/domains/sagarstarters.com/public_html/sitemap.php on line 42
[07-Jul-2026 18:07:49 Asia/Kolkata] PHP Fatal error:  Uncaught mysqli_sql_exception: Unknown column 'status' in 'WHERE' in /home/u902894566/domains/sagarstarters.com/public_html/sitemap.php:42
Stack trace:
#0 /home/u902894566/domains/sagarstarters.com/public_html/sitemap.php(42): mysqli->query()
#1 {main}
  thrown in /home/u902894566/domains/sagarstarters.com/public_html/sitemap.php on line 42
[07-Jul-2026 20:13:40 Asia/Kolkata] PHP Fatal error:  Uncaught mysqli_sql_exception: Unknown column 'status' in 'WHERE' in /home/u902894566/domains/sagarstarters.com/public_html/sitemap.php:42
Stack trace:
#0 /home/u902894566/domains/sagarstarters.com/public_html/sitemap.php(42): mysqli->query()
#1 {main}
  thrown in /home/u902894566/domains/sagarstarters.com/public_html/sitemap.php on line 42
[07-Jul-2026 21:04:01 Asia/Kolkata] PHP Fatal error:  Uncaught mysqli_sql_exception: Unknown column 'status' in 'WHERE' in /home/u902894566/domains/sagarstarters.com/public_html/sitemap.php:42
Stack trace:
#0 /home/u902894566/domains/sagarstarters.com/public_html/sitemap.php(42): mysqli->query()
#1 {main}
  thrown in /home/u902894566/domains/sagarstarters.com/public_html/sitemap.php on line 42
[07-Jul-2026 21:04:03 Asia/Kolkata] PHP Fatal error:  Uncaught mysqli_sql_exception: Unknown column 'status' in 'WHERE' in /home/u902894566/domains/sagarstarters.com/public_html/sitemap.php:42
Stack trace:
#0 /home/u902894566/domains/sagarstarters.com/public_html/sitemap.php(42): mysqli->query()
#1 {main}
  thrown in /home/u902894566/domains/sagarstarters.com/public_html/sitemap.php on line 42
[08-Jul-2026 01:07:34 Asia/Kolkata] PHP Fatal error:  Uncaught mysqli_sql_exception: Unknown column 'status' in 'WHERE' in /home/u902894566/domains/sagarstarters.com/public_html/sitemap.php:42
Stack trace:
#0 /home/u902894566/domains/sagarstarters.com/public_html/sitemap.php(42): mysqli->query()
#1 {main}
  thrown in /home/u902894566/domains/sagarstarters.com/public_html/sitemap.php on line 42
[08-Jul-2026 02:42:37 Asia/Kolkata] PHP Fatal error:  Uncaught mysqli_sql_exception: Unknown column 'status' in 'WHERE' in /home/u902894566/domains/sagarstarters.com/public_html/sitemap.php:42
Stack trace:
#0 /home/u902894566/domains/sagarstarters.com/public_html/sitemap.php(42): mysqli->query()
#1 {main}
  thrown in /home/u902894566/domains/sagarstarters.com/public_html/sitemap.php on line 42
[08-Jul-2026 03:06:27 Asia/Kolkata] PHP Fatal error:  Uncaught mysqli_sql_exception: Unknown column 'status' in 'WHERE' in /home/u902894566/domains/sagarstarters.com/public_html/sitemap.php:42
Stack trace:
#0 /home/u902894566/domains/sagarstarters.com/public_html/sitemap.php(42): mysqli->query()
#1 {main}
  thrown in /home/u902894566/domains/sagarstarters.com/public_html/sitemap.php on line 42
[08-Jul-2026 04:15:03 Asia/Kolkata] PHP Fatal error:  Uncaught mysqli_sql_exception: Unknown column 'status' in 'WHERE' in /home/u902894566/domains/sagarstarters.com/public_html/sitemap.php:42
Stack trace:
#0 /home/u902894566/domains/sagarstarters.com/public_html/sitemap.php(42): mysqli->query()
#1 {main}
  thrown in /home/u902894566/domains/sagarstarters.com/public_html/sitemap.php on line 42
[08-Jul-2026 05:11:58 Asia/Kolkata] PHP Fatal error:  Uncaught mysqli_sql_exception: Unknown column 'status' in 'WHERE' in /home/u902894566/domains/sagarstarters.com/public_html/sitemap.php:42
Stack trace:
#0 /home/u902894566/domains/sagarstarters.com/public_html/sitemap.php(42): mysqli->query()
#1 {main}
  thrown in /home/u902894566/domains/sagarstarters.com/public_html/sitemap.php on line 42
[08-Jul-2026 06:14:06 Asia/Kolkata] PHP Fatal error:  Uncaught mysqli_sql_exception: Unknown column 'status' in 'WHERE' in /home/u902894566/domains/sagarstarters.com/public_html/sitemap.php:42
Stack trace:
#0 /home/u902894566/domains/sagarstarters.com/public_html/sitemap.php(42): mysqli->query()
#1 {main}
  thrown in /home/u902894566/domains/sagarstarters.com/public_html/sitemap.php on line 42
[08-Jul-2026 07:15:40 Asia/Kolkata] PHP Fatal error:  Uncaught mysqli_sql_exception: Unknown column 'status' in 'WHERE' in /home/u902894566/domains/sagarstarters.com/public_html/sitemap.php:42
Stack trace:
#0 /home/u902894566/domains/sagarstarters.com/public_html/sitemap.php(42): mysqli->query()
#1 {main}
  thrown in /home/u902894566/domains/sagarstarters.com/public_html/sitemap.php on line 42
[08-Jul-2026 08:15:27 Asia/Kolkata] PHP Fatal error:  Uncaught mysqli_sql_exception: Unknown column 'status' in 'WHERE' in /home/u902894566/domains/sagarstarters.com/public_html/sitemap.php:42
Stack trace:
#0 /home/u902894566/domains/sagarstarters.com/public_html/sitemap.php(42): mysqli->query()
#1 {main}
  thrown in /home/u902894566/domains/sagarstarters.com/public_html/sitemap.php on line 42
[08-Jul-2026 09:01:49 Asia/Kolkata] PHP Fatal error:  Uncaught mysqli_sql_exception: Unknown column 'status' in 'WHERE' in /home/u902894566/domains/sagarstarters.com/public_html/sitemap.php:42
Stack trace:
#0 /home/u902894566/domains/sagarstarters.com/public_html/sitemap.php(42): mysqli->query()
#1 {main}
  thrown in /home/u902894566/domains/sagarstarters.com/public_html/sitemap.php on line 42
[08-Jul-2026 10:03:20 Asia/Kolkata] PHP Fatal error:  Uncaught mysqli_sql_exception: Unknown column 'status' in 'WHERE' in /home/u902894566/domains/sagarstarters.com/public_html/sitemap.php:42
Stack trace:
#0 /home/u902894566/domains/sagarstarters.com/public_html/sitemap.php(42): mysqli->query()
#1 {main}
  thrown in /home/u902894566/domains/sagarstarters.com/public_html/sitemap.php on line 42
[08-Jul-2026 12:07:39 Asia/Kolkata] PHP Fatal error:  Uncaught mysqli_sql_exception: Unknown column 'status' in 'WHERE' in /home/u902894566/domains/sagarstarters.com/public_html/sitemap.php:42
Stack trace:
#0 /home/u902894566/domains/sagarstarters.com/public_html/sitemap.php(42): mysqli->query()
#1 {main}
  thrown in /home/u902894566/domains/sagarstarters.com/public_html/sitemap.php on line 42
[08-Jul-2026 12:56:27 Asia/Kolkata] PHP Fatal error:  Uncaught mysqli_sql_exception: Unknown column 'status' in 'WHERE' in /home/u902894566/domains/sagarstarters.com/public_html/sitemap.php:42
Stack trace:
#0 /home/u902894566/domains/sagarstarters.com/public_html/sitemap.php(42): mysqli->query()
#1 {main}
  thrown in /home/u902894566/domains/sagarstarters.com/public_html/sitemap.php on line 42
[08-Jul-2026 13:03:12 Asia/Kolkata] PHP Fatal error:  Uncaught mysqli_sql_exception: Unknown column 'status' in 'WHERE' in /home/u902894566/domains/sagarstarters.com/public_html/sitemap.php:42
Stack trace:
#0 /home/u902894566/domains/sagarstarters.com/public_html/sitemap.php(42): mysqli->query()
#1 {main}
  thrown in /home/u902894566/domains/sagarstarters.com/public_html/sitemap.php on line 42
[08-Jul-2026 14:03:22 Asia/Kolkata] PHP Fatal error:  Uncaught mysqli_sql_exception: Unknown column 'status' in 'WHERE' in /home/u902894566/domains/sagarstarters.com/public_html/sitemap.php:42
Stack trace:
#0 /home/u902894566/domains/sagarstarters.com/public_html/sitemap.php(42): mysqli->query()
#1 {main}
  thrown in /home/u902894566/domains/sagarstarters.com/public_html/sitemap.php on line 42
[08-Jul-2026 16:05:29 Asia/Kolkata] PHP Fatal error:  Uncaught mysqli_sql_exception: Unknown column 'status' in 'WHERE' in /home/u902894566/domains/sagarstarters.com/public_html/sitemap.php:42
Stack trace:
#0 /home/u902894566/domains/sagarstarters.com/public_html/sitemap.php(42): mysqli->query()
#1 {main}
  thrown in /home/u902894566/domains/sagarstarters.com/public_html/sitemap.php on line 42
[08-Jul-2026 16:58:09 Asia/Kolkata] PHP Fatal error:  Uncaught mysqli_sql_exception: Unknown column 'status' in 'WHERE' in /home/u902894566/domains/sagarstarters.com/public_html/sitemap.php:42
Stack trace:
#0 /home/u902894566/domains/sagarstarters.com/public_html/sitemap.php(42): mysqli->query()
#1 {main}
  thrown in /home/u902894566/domains/sagarstarters.com/public_html/sitemap.php on line 42
[08-Jul-2026 18:57:55 Asia/Kolkata] PHP Fatal error:  Uncaught mysqli_sql_exception: Unknown column 'status' in 'WHERE' in /home/u902894566/domains/sagarstarters.com/public_html/sitemap.php:42
Stack trace:
#0 /home/u902894566/domains/sagarstarters.com/public_html/sitemap.php(42): mysqli->query()
#1 {main}
  thrown in /home/u902894566/domains/sagarstarters.com/public_html/sitemap.php on line 42
[08-Jul-2026 21:02:51 Asia/Kolkata] PHP Fatal error:  Uncaught mysqli_sql_exception: Unknown column 'status' in 'WHERE' in /home/u902894566/domains/sagarstarters.com/public_html/sitemap.php:42
Stack trace:
#0 /home/u902894566/domains/sagarstarters.com/public_html/sitemap.php(42): mysqli->query()
#1 {main}
  thrown in /home/u902894566/domains/sagarstarters.com/public_html/sitemap.php on line 42
[08-Jul-2026 21:11:31 Asia/Kolkata] PHP Fatal error:  Uncaught mysqli_sql_exception: Unknown column 'status' in 'WHERE' in /home/u902894566/domains/sagarstarters.com/public_html/sitemap.php:42
Stack trace:
#0 /home/u902894566/domains/sagarstarters.com/public_html/sitemap.php(42): mysqli->query()
#1 {main}
  thrown in /home/u902894566/domains/sagarstarters.com/public_html/sitemap.php on line 42
[08-Jul-2026 22:05:00 Asia/Kolkata] PHP Fatal error:  Uncaught mysqli_sql_exception: Unknown column 'status' in 'WHERE' in /home/u902894566/domains/sagarstarters.com/public_html/sitemap.php:42
Stack trace:
#0 /home/u902894566/domains/sagarstarters.com/public_html/sitemap.php(42): mysqli->query()
#1 {main}
  thrown in /home/u902894566/domains/sagarstarters.com/public_html/sitemap.php on line 42
[09-Jul-2026 01:43:29 Asia/Kolkata] PHP Fatal error:  Uncaught mysqli_sql_exception: Unknown column 'status' in 'WHERE' in /home/u902894566/domains/sagarstarters.com/public_html/sitemap.php:42
Stack trace:
#0 /home/u902894566/domains/sagarstarters.com/public_html/sitemap.php(42): mysqli->query()
#1 {main}
  thrown in /home/u902894566/domains/sagarstarters.com/public_html/sitemap.php on line 42
[09-Jul-2026 04:09:15 Asia/Kolkata] PHP Fatal error:  Uncaught mysqli_sql_exception: Unknown column 'status' in 'WHERE' in /home/u902894566/domains/sagarstarters.com/public_html/sitemap.php:42
Stack trace:
#0 /home/u902894566/domains/sagarstarters.com/public_html/sitemap.php(42): mysqli->query()
#1 {main}
  thrown in /home/u902894566/domains/sagarstarters.com/public_html/sitemap.php on line 42
[09-Jul-2026 06:05:09 Asia/Kolkata] PHP Fatal error:  Uncaught mysqli_sql_exception: Unknown column 'status' in 'WHERE' in /home/u902894566/domains/sagarstarters.com/public_html/sitemap.php:42
Stack trace:
#0 /home/u902894566/domains/sagarstarters.com/public_html/sitemap.php(42): mysqli->query()
#1 {main}
  thrown in /home/u902894566/domains/sagarstarters.com/public_html/sitemap.php on line 42
[09-Jul-2026 08:18:19 Asia/Kolkata] PHP Fatal error:  Uncaught mysqli_sql_exception: Unknown column 'status' in 'WHERE' in /home/u902894566/domains/sagarstarters.com/public_html/sitemap.php:42
Stack trace:
#0 /home/u902894566/domains/sagarstarters.com/public_html/sitemap.php(42): mysqli->query()
#1 {main}
  thrown in /home/u902894566/domains/sagarstarters.com/public_html/sitemap.php on line 42
[09-Jul-2026 10:11:54 Asia/Kolkata] PHP Fatal error:  Uncaught mysqli_sql_exception: Unknown column 'status' in 'WHERE' in /home/u902894566/domains/sagarstarters.com/public_html/sitemap.php:42
Stack trace:
#0 /home/u902894566/domains/sagarstarters.com/public_html/sitemap.php(42): mysqli->query()
#1 {main}
  thrown in /home/u902894566/domains/sagarstarters.com/public_html/sitemap.php on line 42
[09-Jul-2026 12:08:16 Asia/Kolkata] PHP Fatal error:  Uncaught mysqli_sql_exception: Unknown column 'status' in 'WHERE' in /home/u902894566/domains/sagarstarters.com/public_html/sitemap.php:42
Stack trace:
#0 /home/u902894566/domains/sagarstarters.com/public_html/sitemap.php(42): mysqli->query()
#1 {main}
  thrown in /home/u902894566/domains/sagarstarters.com/public_html/sitemap.php on line 42
[09-Jul-2026 14:17:14 Asia/Kolkata] PHP Fatal error:  Uncaught mysqli_sql_exception: Unknown column 'status' in 'WHERE' in /home/u902894566/domains/sagarstarters.com/public_html/sitemap.php:42
Stack trace:
#0 /home/u902894566/domains/sagarstarters.com/public_html/sitemap.php(42): mysqli->query()
#1 {main}
  thrown in /home/u902894566/domains/sagarstarters.com/public_html/sitemap.php on line 42
[09-Jul-2026 16:18:39 Asia/Kolkata] PHP Fatal error:  Uncaught mysqli_sql_exception: Unknown column 'status' in 'WHERE' in /home/u902894566/domains/sagarstarters.com/public_html/sitemap.php:42
Stack trace:
#0 /home/u902894566/domains/sagarstarters.com/public_html/sitemap.php(42): mysqli->query()
#1 {main}
  thrown in /home/u902894566/domains/sagarstarters.com/public_html/sitemap.php on line 42
[09-Jul-2026 18:11:52 Asia/Kolkata] PHP Fatal error:  Uncaught mysqli_sql_exception: Unknown column 'status' in 'WHERE' in /home/u902894566/domains/sagarstarters.com/public_html/sitemap.php:42
Stack trace:
#0 /home/u902894566/domains/sagarstarters.com/public_html/sitemap.php(42): mysqli->query()
#1 {main}
  thrown in /home/u902894566/domains/sagarstarters.com/public_html/sitemap.php on line 42
[09-Jul-2026 18:15:01 Asia/Kolkata] PHP Fatal error:  Uncaught mysqli_sql_exception: Unknown column 'status' in 'WHERE' in /home/u902894566/domains/sagarstarters.com/public_html/sitemap.php:42
Stack trace:
#0 /home/u902894566/domains/sagarstarters.com/public_html/sitemap.php(42): mysqli->query()
#1 {main}
  thrown in /home/u902894566/domains/sagarstarters.com/public_html/sitemap.php on line 42
[09-Jul-2026 20:18:15 Asia/Kolkata] PHP Fatal error:  Uncaught mysqli_sql_exception: Unknown column 'status' in 'WHERE' in /home/u902894566/domains/sagarstarters.com/public_html/sitemap.php:42
Stack trace:
#0 /home/u902894566/domains/sagarstarters.com/public_html/sitemap.php(42): mysqli->query()
#1 {main}
  thrown in /home/u902894566/domains/sagarstarters.com/public_html/sitemap.php on line 42
[09-Jul-2026 22:25:40 Asia/Kolkata] PHP Fatal error:  Uncaught mysqli_sql_exception: Unknown column 'status' in 'WHERE' in /home/u902894566/domains/sagarstarters.com/public_html/sitemap.php:42
Stack trace:
#0 /home/u902894566/domains/sagarstarters.com/public_html/sitemap.php(42): mysqli->query()
#1 {main}
  thrown in /home/u902894566/domains/sagarstarters.com/public_html/sitemap.php on line 42
[10-Jul-2026 00:23:37 Asia/Kolkata] PHP Fatal error:  Uncaught mysqli_sql_exception: Unknown column 'status' in 'WHERE' in /home/u902894566/domains/sagarstarters.com/public_html/sitemap.php:42
Stack trace:
#0 /home/u902894566/domains/sagarstarters.com/public_html/sitemap.php(42): mysqli->query()
#1 {main}
  thrown in /home/u902894566/domains/sagarstarters.com/public_html/sitemap.php on line 42
[10-Jul-2026 00:43:30 Asia/Kolkata] PHP Fatal error:  Uncaught mysqli_sql_exception: Unknown column 'status' in 'WHERE' in /home/u902894566/domains/sagarstarters.com/public_html/sitemap.php:42
Stack trace:
#0 /home/u902894566/domains/sagarstarters.com/public_html/sitemap.php(42): mysqli->query()
#1 {main}
  thrown in /home/u902894566/domains/sagarstarters.com/public_html/sitemap.php on line 42
[10-Jul-2026 00:53:22 Asia/Kolkata] PHP Fatal error:  Uncaught mysqli_sql_exception: Unknown column 'status' in 'WHERE' in /home/u902894566/domains/sagarstarters.com/public_html/sitemap.php:42
Stack trace:
#0 /home/u902894566/domains/sagarstarters.com/public_html/sitemap.php(42): mysqli->query()
#1 {main}
  thrown in /home/u902894566/domains/sagarstarters.com/public_html/sitemap.php on line 42
[10-Jul-2026 01:52:00 Asia/Kolkata] PHP Fatal error:  Uncaught mysqli_sql_exception: Unknown column 'status' in 'WHERE' in /home/u902894566/domains/sagarstarters.com/public_html/sitemap.php:42
Stack trace:
#0 /home/u902894566/domains/sagarstarters.com/public_html/sitemap.php(42): mysqli->query()
#1 {main}
  thrown in /home/u902894566/domains/sagarstarters.com/public_html/sitemap.php on line 42
[10-Jul-2026 02:05:08 Asia/Kolkata] PHP Fatal error:  Uncaught mysqli_sql_exception: Unknown column 'status' in 'WHERE' in /home/u902894566/domains/sagarstarters.com/public_html/sitemap.php:42
Stack trace:
#0 /home/u902894566/domains/sagarstarters.com/public_html/sitemap.php(42): mysqli->query()
#1 {main}
  thrown in /home/u902894566/domains/sagarstarters.com/public_html/sitemap.php on line 42
[10-Jul-2026 04:09:00 Asia/Kolkata] PHP Fatal error:  Uncaught mysqli_sql_exception: Unknown column 'status' in 'WHERE' in /home/u902894566/domains/sagarstarters.com/public_html/sitemap.php:42
Stack trace:
#0 /home/u902894566/domains/sagarstarters.com/public_html/sitemap.php(42): mysqli->query()
#1 {main}
  thrown in /home/u902894566/domains/sagarstarters.com/public_html/sitemap.php on line 42
[10-Jul-2026 05:08:29 Asia/Kolkata] PHP Fatal error:  Uncaught mysqli_sql_exception: Unknown column 'status' in 'WHERE' in /home/u902894566/domains/sagarstarters.com/public_html/sitemap.php:42
Stack trace:
#0 /home/u902894566/domains/sagarstarters.com/public_html/sitemap.php(42): mysqli->query()
#1 {main}
  thrown in /home/u902894566/domains/sagarstarters.com/public_html/sitemap.php on line 42
[10-Jul-2026 06:00:02 Asia/Kolkata] PHP Fatal error:  Uncaught mysqli_sql_exception: Unknown column 'status' in 'WHERE' in /home/u902894566/domains/sagarstarters.com/public_html/sitemap.php:42
Stack trace:
#0 /home/u902894566/domains/sagarstarters.com/public_html/sitemap.php(42): mysqli->query()
#1 {main}
  thrown in /home/u902894566/domains/sagarstarters.com/public_html/sitemap.php on line 42
[10-Jul-2026 08:01:08 Asia/Kolkata] PHP Fatal error:  Uncaught mysqli_sql_exception: Unknown column 'status' in 'WHERE' in /home/u902894566/domains/sagarstarters.com/public_html/sitemap.php:42
Stack trace:
#0 /home/u902894566/domains/sagarstarters.com/public_html/sitemap.php(42): mysqli->query()
#1 {main}
  thrown in /home/u902894566/domains/sagarstarters.com/public_html/sitemap.php on line 42
[10-Jul-2026 09:05:08 Asia/Kolkata] PHP Fatal error:  Uncaught mysqli_sql_exception: Unknown column 'status' in 'WHERE' in /home/u902894566/domains/sagarstarters.com/public_html/sitemap.php:42
Stack trace:
#0 /home/u902894566/domains/sagarstarters.com/public_html/sitemap.php(42): mysqli->query()
#1 {main}
  thrown in /home/u902894566/domains/sagarstarters.com/public_html/sitemap.php on line 42
[10-Jul-2026 11:00:41 Asia/Kolkata] PHP Fatal error:  Uncaught mysqli_sql_exception: Unknown column 'status' in 'WHERE' in /home/u902894566/domains/sagarstarters.com/public_html/sitemap.php:42
Stack trace:
#0 /home/u902894566/domains/sagarstarters.com/public_html/sitemap.php(42): mysqli->query()
#1 {main}
  thrown in /home/u902894566/domains/sagarstarters.com/public_html/sitemap.php on line 42
[10-Jul-2026 11:22:55 Asia/Kolkata] PHP Fatal error:  Uncaught mysqli_sql_exception: Unknown column 'status' in 'WHERE' in /home/u902894566/domains/sagarstarters.com/public_html/sitemap.php:42
Stack trace:
#0 /home/u902894566/domains/sagarstarters.com/public_html/sitemap.php(42): mysqli->query()
#1 {main}
  thrown in /home/u902894566/domains/sagarstarters.com/public_html/sitemap.php on line 42
[10-Jul-2026 13:01:24 Asia/Kolkata] PHP Fatal error:  Uncaught mysqli_sql_exception: Unknown column 'status' in 'WHERE' in /home/u902894566/domains/sagarstarters.com/public_html/sitemap.php:42
Stack trace:
#0 /home/u902894566/domains/sagarstarters.com/public_html/sitemap.php(42): mysqli->query()
#1 {main}
  thrown in /home/u902894566/domains/sagarstarters.com/public_html/sitemap.php on line 42
[10-Jul-2026 15:06:59 Asia/Kolkata] PHP Fatal error:  Uncaught mysqli_sql_exception: Unknown column 'status' in 'WHERE' in /home/u902894566/domains/sagarstarters.com/public_html/sitemap.php:42
Stack trace:
#0 /home/u902894566/domains/sagarstarters.com/public_html/sitemap.php(42): mysqli->query()
#1 {main}
  thrown in /home/u902894566/domains/sagarstarters.com/public_html/sitemap.php on line 42
[10-Jul-2026 15:50:51 Asia/Kolkata] PHP Fatal error:  Uncaught mysqli_sql_exception: Unknown column 'status' in 'WHERE' in /home/u902894566/domains/sagarstarters.com/public_html/sitemap.php:42
Stack trace:
#0 /home/u902894566/domains/sagarstarters.com/public_html/sitemap.php(42): mysqli->query()
#1 {main}
  thrown in /home/u902894566/domains/sagarstarters.com/public_html/sitemap.php on line 42
[10-Jul-2026 15:56:51 Asia/Kolkata] PHP Fatal error:  Uncaught mysqli_sql_exception: Unknown column 'status' in 'WHERE' in /home/u902894566/domains/sagarstarters.com/public_html/sitemap.php:42
Stack trace:
#0 /home/u902894566/domains/sagarstarters.com/public_html/sitemap.php(42): mysqli->query()
#1 {main}
  thrown in /home/u902894566/domains/sagarstarters.com/public_html/sitemap.php on line 42
[10-Jul-2026 16:55:10 Asia/Kolkata] PHP Fatal error:  Uncaught mysqli_sql_exception: Unknown column 'status' in 'WHERE' in /home/u902894566/domains/sagarstarters.com/public_html/sitemap.php:42
Stack trace:
#0 /home/u902894566/domains/sagarstarters.com/public_html/sitemap.php(42): mysqli->query()
#1 {main}
  thrown in /home/u902894566/domains/sagarstarters.com/public_html/sitemap.php on line 42
[10-Jul-2026 18:02:32 Asia/Kolkata] PHP Fatal error:  Uncaught mysqli_sql_exception: Unknown column 'status' in 'WHERE' in /home/u902894566/domains/sagarstarters.com/public_html/sitemap.php:42
Stack trace:
#0 /home/u902894566/domains/sagarstarters.com/public_html/sitemap.php(42): mysqli->query()
#1 {main}
  thrown in /home/u902894566/domains/sagarstarters.com/public_html/sitemap.php on line 42
[10-Jul-2026 19:56:09 Asia/Kolkata] PHP Fatal error:  Uncaught mysqli_sql_exception: Unknown column 'status' in 'WHERE' in /home/u902894566/domains/sagarstarters.com/public_html/sitemap.php:42
Stack trace:
#0 /home/u902894566/domains/sagarstarters.com/public_html/sitemap.php(42): mysqli->query()
#1 {main}
  thrown in /home/u902894566/domains/sagarstarters.com/public_html/sitemap.php on line 42
[10-Jul-2026 22:01:00 Asia/Kolkata] PHP Fatal error:  Uncaught mysqli_sql_exception: Unknown column 'status' in 'WHERE' in /home/u902894566/domains/sagarstarters.com/public_html/sitemap.php:42
Stack trace:
#0 /home/u902894566/domains/sagarstarters.com/public_html/sitemap.php(42): mysqli->query()
#1 {main}
  thrown in /home/u902894566/domains/sagarstarters.com/public_html/sitemap.php on line 42
[10-Jul-2026 22:51:32 Asia/Kolkata] PHP Fatal error:  Uncaught mysqli_sql_exception: Unknown column 'status' in 'WHERE' in /home/u902894566/domains/sagarstarters.com/public_html/sitemap.php:42
Stack trace:
#0 /home/u902894566/domains/sagarstarters.com/public_html/sitemap.php(42): mysqli->query()
#1 {main}
  thrown in /home/u902894566/domains/sagarstarters.com/public_html/sitemap.php on line 42
[11-Jul-2026 01:12:06 Asia/Kolkata] PHP Fatal error:  Uncaught mysqli_sql_exception: Unknown column 'status' in 'WHERE' in /home/u902894566/domains/sagarstarters.com/public_html/sitemap.php:42
Stack trace:
#0 /home/u902894566/domains/sagarstarters.com/public_html/sitemap.php(42): mysqli->query()
#1 {main}
  thrown in /home/u902894566/domains/sagarstarters.com/public_html/sitemap.php on line 42
[11-Jul-2026 02:02:22 Asia/Kolkata] PHP Fatal error:  Uncaught mysqli_sql_exception: Unknown column 'status' in 'WHERE' in /home/u902894566/domains/sagarstarters.com/public_html/sitemap.php:42
Stack trace:
#0 /home/u902894566/domains/sagarstarters.com/public_html/sitemap.php(42): mysqli->query()
#1 {main}
  thrown in /home/u902894566/domains/sagarstarters.com/public_html/sitemap.php on line 42
[11-Jul-2026 02:52:30 Asia/Kolkata] PHP Fatal error:  Uncaught mysqli_sql_exception: Unknown column 'status' in 'WHERE' in /home/u902894566/domains/sagarstarters.com/public_html/sitemap.php:42
Stack trace:
#0 /home/u902894566/domains/sagarstarters.com/public_html/sitemap.php(42): mysqli->query()
#1 {main}
  thrown in /home/u902894566/domains/sagarstarters.com/public_html/sitemap.php on line 42
[11-Jul-2026 04:58:45 Asia/Kolkata] PHP Fatal error:  Uncaught mysqli_sql_exception: Unknown column 'status' in 'WHERE' in /home/u902894566/domains/sagarstarters.com/public_html/sitemap.php:42
Stack trace:
#0 /home/u902894566/domains/sagarstarters.com/public_html/sitemap.php(42): mysqli->query()
#1 {main}
  thrown in /home/u902894566/domains/sagarstarters.com/public_html/sitemap.php on line 42
[11-Jul-2026 06:00:42 Asia/Kolkata] PHP Fatal error:  Uncaught mysqli_sql_exception: Unknown column 'status' in 'WHERE' in /home/u902894566/domains/sagarstarters.com/public_html/sitemap.php:42
Stack trace:
#0 /home/u902894566/domains/sagarstarters.com/public_html/sitemap.php(42): mysqli->query()
#1 {main}
  thrown in /home/u902894566/domains/sagarstarters.com/public_html/sitemap.php on line 42
[11-Jul-2026 08:11:42 Asia/Kolkata] PHP Fatal error:  Uncaught mysqli_sql_exception: Unknown column 'status' in 'WHERE' in /home/u902894566/domains/sagarstarters.com/public_html/sitemap.php:42
Stack trace:
#0 /home/u902894566/domains/sagarstarters.com/public_html/sitemap.php(42): mysqli->query()
#1 {main}
  thrown in /home/u902894566/domains/sagarstarters.com/public_html/sitemap.php on line 42
[11-Jul-2026 09:12:41 Asia/Kolkata] PHP Fatal error:  Uncaught mysqli_sql_exception: Unknown column 'status' in 'WHERE' in /home/u902894566/domains/sagarstarters.com/public_html/sitemap.php:42
Stack trace:
#0 /home/u902894566/domains/sagarstarters.com/public_html/sitemap.php(42): mysqli->query()
#1 {main}
  thrown in /home/u902894566/domains/sagarstarters.com/public_html/sitemap.php on line 42
[11-Jul-2026 09:13:05 Asia/Kolkata] PHP Fatal error:  Uncaught mysqli_sql_exception: Unknown column 'status' in 'WHERE' in /home/u902894566/domains/sagarstarters.com/public_html/sitemap.php:42
Stack trace:
#0 /home/u902894566/domains/sagarstarters.com/public_html/sitemap.php(42): mysqli->query()
#1 {main}
  thrown in /home/u902894566/domains/sagarstarters.com/public_html/sitemap.php on line 42
[11-Jul-2026 10:03:09 Asia/Kolkata] PHP Fatal error:  Uncaught mysqli_sql_exception: Unknown column 'status' in 'WHERE' in /home/u902894566/domains/sagarstarters.com/public_html/sitemap.php:42
Stack trace:
#0 /home/u902894566/domains/sagarstarters.com/public_html/sitemap.php(42): mysqli->query()
#1 {main}
  thrown in /home/u902894566/domains/sagarstarters.com/public_html/sitemap.php on line 42
[11-Jul-2026 11:01:54 Asia/Kolkata] PHP Fatal error:  Uncaught mysqli_sql_exception: Unknown column 'status' in 'WHERE' in /home/u902894566/domains/sagarstarters.com/public_html/sitemap.php:42
Stack trace:
#0 /home/u902894566/domains/sagarstarters.com/public_html/sitemap.php(42): mysqli->query()
#1 {main}
  thrown in /home/u902894566/domains/sagarstarters.com/public_html/sitemap.php on line 42
[11-Jul-2026 13:11:46 Asia/Kolkata] PHP Fatal error:  Uncaught mysqli_sql_exception: Unknown column 'status' in 'WHERE' in /home/u902894566/domains/sagarstarters.com/public_html/sitemap.php:42
Stack trace:
#0 /home/u902894566/domains/sagarstarters.com/public_html/sitemap.php(42): mysqli->query()
#1 {main}
  thrown in /home/u902894566/domains/sagarstarters.com/public_html/sitemap.php on line 42
[11-Jul-2026 14:14:56 Asia/Kolkata] PHP Fatal error:  Uncaught mysqli_sql_exception: Unknown column 'status' in 'WHERE' in /home/u902894566/domains/sagarstarters.com/public_html/sitemap.php:42
Stack trace:
#0 /home/u902894566/domains/sagarstarters.com/public_html/sitemap.php(42): mysqli->query()
#1 {main}
  thrown in /home/u902894566/domains/sagarstarters.com/public_html/sitemap.php on line 42
[11-Jul-2026 16:13:01 Asia/Kolkata] PHP Fatal error:  Uncaught mysqli_sql_exception: Unknown column 'status' in 'WHERE' in /home/u902894566/domains/sagarstarters.com/public_html/sitemap.php:42
Stack trace:
#0 /home/u902894566/domains/sagarstarters.com/public_html/sitemap.php(42): mysqli->query()
#1 {main}
  thrown in /home/u902894566/domains/sagarstarters.com/public_html/sitemap.php on line 42
[11-Jul-2026 17:08:58 Asia/Kolkata] PHP Fatal error:  Uncaught mysqli_sql_exception: Unknown column 'status' in 'WHERE' in /home/u902894566/domains/sagarstarters.com/public_html/sitemap.php:42
Stack trace:
#0 /home/u902894566/domains/sagarstarters.com/public_html/sitemap.php(42): mysqli->query()
#1 {main}
  thrown in /home/u902894566/domains/sagarstarters.com/public_html/sitemap.php on line 42
[11-Jul-2026 18:05:40 Asia/Kolkata] PHP Fatal error:  Uncaught mysqli_sql_exception: Unknown column 'status' in 'WHERE' in /home/u902894566/domains/sagarstarters.com/public_html/sitemap.php:42
Stack trace:
#0 /home/u902894566/domains/sagarstarters.com/public_html/sitemap.php(42): mysqli->query()
#1 {main}
  thrown in /home/u902894566/domains/sagarstarters.com/public_html/sitemap.php on line 42
[11-Jul-2026 19:00:58 Asia/Kolkata] PHP Fatal error:  Uncaught mysqli_sql_exception: Unknown column 'status' in 'WHERE' in /home/u902894566/domains/sagarstarters.com/public_html/sitemap.php:42
Stack trace:
#0 /home/u902894566/domains/sagarstarters.com/public_html/sitemap.php(42): mysqli->query()
#1 {main}
  thrown in /home/u902894566/domains/sagarstarters.com/public_html/sitemap.php on line 42
[11-Jul-2026 20:03:46 Asia/Kolkata] PHP Fatal error:  Uncaught mysqli_sql_exception: Unknown column 'status' in 'WHERE' in /home/u902894566/domains/sagarstarters.com/public_html/sitemap.php:42
Stack trace:
#0 /home/u902894566/domains/sagarstarters.com/public_html/sitemap.php(42): mysqli->query()
#1 {main}
  thrown in /home/u902894566/domains/sagarstarters.com/public_html/sitemap.php on line 42
[11-Jul-2026 22:05:59 Asia/Kolkata] PHP Fatal error:  Uncaught mysqli_sql_exception: Unknown column 'status' in 'WHERE' in /home/u902894566/domains/sagarstarters.com/public_html/sitemap.php:42
Stack trace:
#0 /home/u902894566/domains/sagarstarters.com/public_html/sitemap.php(42): mysqli->query()
#1 {main}
  thrown in /home/u902894566/domains/sagarstarters.com/public_html/sitemap.php on line 42
[11-Jul-2026 23:07:55 Asia/Kolkata] PHP Fatal error:  Uncaught mysqli_sql_exception: Unknown column 'status' in 'WHERE' in /home/u902894566/domains/sagarstarters.com/public_html/sitemap.php:42
Stack trace:
#0 /home/u902894566/domains/sagarstarters.com/public_html/sitemap.php(42): mysqli->query()
#1 {main}
  thrown in /home/u902894566/domains/sagarstarters.com/public_html/sitemap.php on line 42
[12-Jul-2026 00:21:48 Asia/Kolkata] PHP Fatal error:  Uncaught mysqli_sql_exception: Unknown column 'status' in 'WHERE' in /home/u902894566/domains/sagarstarters.com/public_html/sitemap.php:42
Stack trace:
#0 /home/u902894566/domains/sagarstarters.com/public_html/sitemap.php(42): mysqli->query()
#1 {main}
  thrown in /home/u902894566/domains/sagarstarters.com/public_html/sitemap.php on line 42
[12-Jul-2026 01:09:23 Asia/Kolkata] PHP Fatal error:  Uncaught mysqli_sql_exception: Unknown column 'status' in 'WHERE' in /home/u902894566/domains/sagarstarters.com/public_html/sitemap.php:42
Stack trace:
#0 /home/u902894566/domains/sagarstarters.com/public_html/sitemap.php(42): mysqli->query()
#1 {main}
  thrown in /home/u902894566/domains/sagarstarters.com/public_html/sitemap.php on line 42
[12-Jul-2026 02:04:59 Asia/Kolkata] PHP Fatal error:  Uncaught mysqli_sql_exception: Unknown column 'status' in 'WHERE' in /home/u902894566/domains/sagarstarters.com/public_html/sitemap.php:42
Stack trace:
#0 /home/u902894566/domains/sagarstarters.com/public_html/sitemap.php(42): mysqli->query()
#1 {main}
  thrown in /home/u902894566/domains/sagarstarters.com/public_html/sitemap.php on line 42
[12-Jul-2026 03:10:32 Asia/Kolkata] PHP Fatal error:  Uncaught mysqli_sql_exception: Unknown column 'status' in 'WHERE' in /home/u902894566/domains/sagarstarters.com/public_html/sitemap.php:42
Stack trace:
#0 /home/u902894566/domains/sagarstarters.com/public_html/sitemap.php(42): mysqli->query()
#1 {main}
  thrown in /home/u902894566/domains/sagarstarters.com/public_html/sitemap.php on line 42
[12-Jul-2026 05:04:51 Asia/Kolkata] PHP Fatal error:  Uncaught mysqli_sql_exception: Unknown column 'status' in 'WHERE' in /home/u902894566/domains/sagarstarters.com/public_html/sitemap.php:42
Stack trace:
#0 /home/u902894566/domains/sagarstarters.com/public_html/sitemap.php(42): mysqli->query()
#1 {main}
  thrown in /home/u902894566/domains/sagarstarters.com/public_html/sitemap.php on line 42
[12-Jul-2026 06:07:12 Asia/Kolkata] PHP Fatal error:  Uncaught mysqli_sql_exception: Unknown column 'status' in 'WHERE' in /home/u902894566/domains/sagarstarters.com/public_html/sitemap.php:42
Stack trace:
#0 /home/u902894566/domains/sagarstarters.com/public_html/sitemap.php(42): mysqli->query()
#1 {main}
  thrown in /home/u902894566/domains/sagarstarters.com/public_html/sitemap.php on line 42
[12-Jul-2026 07:03:51 Asia/Kolkata] PHP Fatal error:  Uncaught mysqli_sql_exception: Unknown column 'status' in 'WHERE' in /home/u902894566/domains/sagarstarters.com/public_html/sitemap.php:42
Stack trace:
#0 /home/u902894566/domains/sagarstarters.com/public_html/sitemap.php(42): mysqli->query()
#1 {main}
  thrown in /home/u902894566/domains/sagarstarters.com/public_html/sitemap.php on line 42
[12-Jul-2026 08:10:59 Asia/Kolkata] PHP Fatal error:  Uncaught mysqli_sql_exception: Unknown column 'status' in 'WHERE' in /home/u902894566/domains/sagarstarters.com/public_html/sitemap.php:42
Stack trace:
#0 /home/u902894566/domains/sagarstarters.com/public_html/sitemap.php(42): mysqli->query()
#1 {main}
  thrown in /home/u902894566/domains/sagarstarters.com/public_html/sitemap.php on line 42
[12-Jul-2026 09:03:12 Asia/Kolkata] PHP Fatal error:  Uncaught mysqli_sql_exception: Unknown column 'status' in 'WHERE' in /home/u902894566/domains/sagarstarters.com/public_html/sitemap.php:42
Stack trace:
#0 /home/u902894566/domains/sagarstarters.com/public_html/sitemap.php(42): mysqli->query()
#1 {main}
  thrown in /home/u902894566/domains/sagarstarters.com/public_html/sitemap.php on line 42
[12-Jul-2026 10:07:24 Asia/Kolkata] PHP Fatal error:  Uncaught mysqli_sql_exception: Unknown column 'status' in 'WHERE' in /home/u902894566/domains/sagarstarters.com/public_html/sitemap.php:42
Stack trace:
#0 /home/u902894566/domains/sagarstarters.com/public_html/sitemap.php(42): mysqli->query()
#1 {main}
  thrown in /home/u902894566/domains/sagarstarters.com/public_html/sitemap.php on line 42
[12-Jul-2026 12:23:24 Asia/Kolkata] PHP Fatal error:  Uncaught mysqli_sql_exception: Unknown column 'status' in 'WHERE' in /home/u902894566/domains/sagarstarters.com/public_html/sitemap.php:42
Stack trace:
#0 /home/u902894566/domains/sagarstarters.com/public_html/sitemap.php(42): mysqli->query()
#1 {main}
  thrown in /home/u902894566/domains/sagarstarters.com/public_html/sitemap.php on line 42
[12-Jul-2026 13:01:35 Asia/Kolkata] PHP Fatal error:  Uncaught mysqli_sql_exception: Unknown column 'status' in 'WHERE' in /home/u902894566/domains/sagarstarters.com/public_html/sitemap.php:42
Stack trace:
#0 /home/u902894566/domains/sagarstarters.com/public_html/sitemap.php(42): mysqli->query()
#1 {main}
  thrown in /home/u902894566/domains/sagarstarters.com/public_html/sitemap.php on line 42
[12-Jul-2026 14:18:49 Asia/Kolkata] PHP Fatal error:  Uncaught mysqli_sql_exception: Unknown column 'status' in 'WHERE' in /home/u902894566/domains/sagarstarters.com/public_html/sitemap.php:42
Stack trace:
#0 /home/u902894566/domains/sagarstarters.com/public_html/sitemap.php(42): mysqli->query()
#1 {main}
  thrown in /home/u902894566/domains/sagarstarters.com/public_html/sitemap.php on line 42
[12-Jul-2026 16:19:46 Asia/Kolkata] PHP Fatal error:  Uncaught mysqli_sql_exception: Unknown column 'status' in 'WHERE' in /home/u902894566/domains/sagarstarters.com/public_html/sitemap.php:42
Stack trace:
#0 /home/u902894566/domains/sagarstarters.com/public_html/sitemap.php(42): mysqli->query()
#1 {main}
  thrown in /home/u902894566/domains/sagarstarters.com/public_html/sitemap.php on line 42
[12-Jul-2026 17:00:57 Asia/Kolkata] PHP Fatal error:  Uncaught mysqli_sql_exception: Unknown column 'status' in 'WHERE' in /home/u902894566/domains/sagarstarters.com/public_html/sitemap.php:42
Stack trace:
#0 /home/u902894566/domains/sagarstarters.com/public_html/sitemap.php(42): mysqli->query()
#1 {main}
  thrown in /home/u902894566/domains/sagarstarters.com/public_html/sitemap.php on line 42
[12-Jul-2026 18:08:24 Asia/Kolkata] PHP Fatal error:  Uncaught mysqli_sql_exception: Unknown column 'status' in 'WHERE' in /home/u902894566/domains/sagarstarters.com/public_html/sitemap.php:42
Stack trace:
#0 /home/u902894566/domains/sagarstarters.com/public_html/sitemap.php(42): mysqli->query()
#1 {main}
  thrown in /home/u902894566/domains/sagarstarters.com/public_html/sitemap.php on line 42
[12-Jul-2026 19:08:43 Asia/Kolkata] PHP Fatal error:  Uncaught mysqli_sql_exception: Unknown column 'status' in 'WHERE' in /home/u902894566/domains/sagarstarters.com/public_html/sitemap.php:42
Stack trace:
#0 /home/u902894566/domains/sagarstarters.com/public_html/sitemap.php(42): mysqli->query()
#1 {main}
  thrown in /home/u902894566/domains/sagarstarters.com/public_html/sitemap.php on line 42
[12-Jul-2026 20:04:57 Asia/Kolkata] PHP Fatal error:  Uncaught mysqli_sql_exception: Unknown column 'status' in 'WHERE' in /home/u902894566/domains/sagarstarters.com/public_html/sitemap.php:42
Stack trace:
#0 /home/u902894566/domains/sagarstarters.com/public_html/sitemap.php(42): mysqli->query()
#1 {main}
  thrown in /home/u902894566/domains/sagarstarters.com/public_html/sitemap.php on line 42
[12-Jul-2026 20:31:17 Asia/Kolkata] PHP Fatal error:  Uncaught mysqli_sql_exception: Unknown column 'status' in 'WHERE' in /home/u902894566/domains/sagarstarters.com/public_html/sitemap.php:42
Stack trace:
#0 /home/u902894566/domains/sagarstarters.com/public_html/sitemap.php(42): mysqli->query()
#1 {main}
  thrown in /home/u902894566/domains/sagarstarters.com/public_html/sitemap.php on line 42
[12-Jul-2026 20:31:18 Asia/Kolkata] PHP Fatal error:  Uncaught mysqli_sql_exception: Unknown column 'status' in 'WHERE' in /home/u902894566/domains/sagarstarters.com/public_html/sitemap.php:42
Stack trace:
#0 /home/u902894566/domains/sagarstarters.com/public_html/sitemap.php(42): mysqli->query()
#1 {main}
  thrown in /home/u902894566/domains/sagarstarters.com/public_html/sitemap.php on line 42
[12-Jul-2026 21:22:34 Asia/Kolkata] PHP Fatal error:  Uncaught mysqli_sql_exception: Unknown column 'status' in 'WHERE' in /home/u902894566/domains/sagarstarters.com/public_html/sitemap.php:42
Stack trace:
#0 /home/u902894566/domains/sagarstarters.com/public_html/sitemap.php(42): mysqli->query()
#1 {main}
  thrown in /home/u902894566/domains/sagarstarters.com/public_html/sitemap.php on line 42
[12-Jul-2026 23:12:15 Asia/Kolkata] PHP Fatal error:  Uncaught mysqli_sql_exception: Unknown column 'status' in 'WHERE' in /home/u902894566/domains/sagarstarters.com/public_html/sitemap.php:42
Stack trace:
#0 /home/u902894566/domains/sagarstarters.com/public_html/sitemap.php(42): mysqli->query()
#1 {main}
  thrown in /home/u902894566/domains/sagarstarters.com/public_html/sitemap.php on line 42
[13-Jul-2026 00:11:41 Asia/Kolkata] PHP Fatal error:  Uncaught mysqli_sql_exception: Unknown column 'status' in 'WHERE' in /home/u902894566/domains/sagarstarters.com/public_html/sitemap.php:42
Stack trace:
#0 /home/u902894566/domains/sagarstarters.com/public_html/sitemap.php(42): mysqli->query()
#1 {main}
  thrown in /home/u902894566/domains/sagarstarters.com/public_html/sitemap.php on line 42
[13-Jul-2026 00:22:00 Asia/Kolkata] PHP Fatal error:  Uncaught mysqli_sql_exception: Unknown column 'status' in 'WHERE' in /home/u902894566/domains/sagarstarters.com/public_html/sitemap.php:42
Stack trace:
#0 /home/u902894566/domains/sagarstarters.com/public_html/sitemap.php(42): mysqli->query()
#1 {main}
  thrown in /home/u902894566/domains/sagarstarters.com/public_html/sitemap.php on line 42
[13-Jul-2026 02:10:43 Asia/Kolkata] PHP Fatal error:  Uncaught mysqli_sql_exception: Unknown column 'status' in 'WHERE' in /home/u902894566/domains/sagarstarters.com/public_html/sitemap.php:42
Stack trace:
#0 /home/u902894566/domains/sagarstarters.com/public_html/sitemap.php(42): mysqli->query()
#1 {main}
  thrown in /home/u902894566/domains/sagarstarters.com/public_html/sitemap.php on line 42
[13-Jul-2026 04:05:58 Asia/Kolkata] PHP Fatal error:  Uncaught mysqli_sql_exception: Unknown column 'status' in 'WHERE' in /home/u902894566/domains/sagarstarters.com/public_html/sitemap.php:42
Stack trace:
#0 /home/u902894566/domains/sagarstarters.com/public_html/sitemap.php(42): mysqli->query()
#1 {main}
  thrown in /home/u902894566/domains/sagarstarters.com/public_html/sitemap.php on line 42
[13-Jul-2026 06:19:54 Asia/Kolkata] PHP Fatal error:  Uncaught mysqli_sql_exception: Unknown column 'status' in 'WHERE' in /home/u902894566/domains/sagarstarters.com/public_html/sitemap.php:42
Stack trace:
#0 /home/u902894566/domains/sagarstarters.com/public_html/sitemap.php(42): mysqli->query()
#1 {main}
  thrown in /home/u902894566/domains/sagarstarters.com/public_html/sitemap.php on line 42
[13-Jul-2026 07:17:21 Asia/Kolkata] PHP Fatal error:  Uncaught mysqli_sql_exception: Unknown column 'status' in 'WHERE' in /home/u902894566/domains/sagarstarters.com/public_html/sitemap.php:42
Stack trace:
#0 /home/u902894566/domains/sagarstarters.com/public_html/sitemap.php(42): mysqli->query()
#1 {main}
  thrown in /home/u902894566/domains/sagarstarters.com/public_html/sitemap.php on line 42
[13-Jul-2026 08:28:35 Asia/Kolkata] PHP Fatal error:  Uncaught mysqli_sql_exception: Unknown column 'status' in 'WHERE' in /home/u902894566/domains/sagarstarters.com/public_html/sitemap.php:42
Stack trace:
#0 /home/u902894566/domains/sagarstarters.com/public_html/sitemap.php(42): mysqli->query()
#1 {main}
  thrown in /home/u902894566/domains/sagarstarters.com/public_html/sitemap.php on line 42
[13-Jul-2026 10:20:54 Asia/Kolkata] PHP Fatal error:  Uncaught mysqli_sql_exception: Unknown column 'status' in 'WHERE' in /home/u902894566/domains/sagarstarters.com/public_html/sitemap.php:42
Stack trace:
#0 /home/u902894566/domains/sagarstarters.com/public_html/sitemap.php(42): mysqli->query()
#1 {main}
  thrown in /home/u902894566/domains/sagarstarters.com/public_html/sitemap.php on line 42
[13-Jul-2026 11:19:34 Asia/Kolkata] PHP Fatal error:  Uncaught mysqli_sql_exception: Unknown column 'status' in 'WHERE' in /home/u902894566/domains/sagarstarters.com/public_html/sitemap.php:42
Stack trace:
#0 /home/u902894566/domains/sagarstarters.com/public_html/sitemap.php(42): mysqli->query()
#1 {main}
  thrown in /home/u902894566/domains/sagarstarters.com/public_html/sitemap.php on line 42
[13-Jul-2026 12:20:18 Asia/Kolkata] PHP Fatal error:  Uncaught mysqli_sql_exception: Unknown column 'status' in 'WHERE' in /home/u902894566/domains/sagarstarters.com/public_html/sitemap.php:42
Stack trace:
#0 /home/u902894566/domains/sagarstarters.com/public_html/sitemap.php(42): mysqli->query()
#1 {main}
  thrown in /home/u902894566/domains/sagarstarters.com/public_html/sitemap.php on line 42
[13-Jul-2026 13:27:06 Asia/Kolkata] PHP Fatal error:  Uncaught mysqli_sql_exception: Unknown column 'status' in 'WHERE' in /home/u902894566/domains/sagarstarters.com/public_html/sitemap.php:42
Stack trace:
#0 /home/u902894566/domains/sagarstarters.com/public_html/sitemap.php(42): mysqli->query()
#1 {main}
  thrown in /home/u902894566/domains/sagarstarters.com/public_html/sitemap.php on line 42
[13-Jul-2026 14:11:23 Asia/Kolkata] PHP Fatal error:  Uncaught mysqli_sql_exception: Unknown column 'status' in 'WHERE' in /home/u902894566/domains/sagarstarters.com/public_html/sitemap.php:42
Stack trace:
#0 /home/u902894566/domains/sagarstarters.com/public_html/sitemap.php(42): mysqli->query()
#1 {main}
  thrown in /home/u902894566/domains/sagarstarters.com/public_html/sitemap.php on line 42
[13-Jul-2026 15:05:02 Asia/Kolkata] PHP Fatal error:  Uncaught mysqli_sql_exception: Unknown column 'status' in 'WHERE' in /home/u902894566/domains/sagarstarters.com/public_html/sitemap.php:42
Stack trace:
#0 /home/u902894566/domains/sagarstarters.com/public_html/sitemap.php(42): mysqli->query()
#1 {main}
  thrown in /home/u902894566/domains/sagarstarters.com/public_html/sitemap.php on line 42
[13-Jul-2026 17:10:45 Asia/Kolkata] PHP Fatal error:  Uncaught mysqli_sql_exception: Unknown column 'status' in 'WHERE' in /home/u902894566/domains/sagarstarters.com/public_html/sitemap.php:42
Stack trace:
#0 /home/u902894566/domains/sagarstarters.com/public_html/sitemap.php(42): mysqli->query()
#1 {main}
  thrown in /home/u902894566/domains/sagarstarters.com/public_html/sitemap.php on line 42
[13-Jul-2026 19:07:38 Asia/Kolkata] PHP Fatal error:  Uncaught mysqli_sql_exception: Unknown column 'status' in 'WHERE' in /home/u902894566/domains/sagarstarters.com/public_html/sitemap.php:42
Stack trace:
#0 /home/u902894566/domains/sagarstarters.com/public_html/sitemap.php(42): mysqli->query()
#1 {main}
  thrown in /home/u902894566/domains/sagarstarters.com/public_html/sitemap.php on line 42
[13-Jul-2026 19:42:34 Asia/Kolkata] PHP Fatal error:  Uncaught mysqli_sql_exception: Unknown column 'status' in 'WHERE' in /home/u902894566/domains/sagarstarters.com/public_html/sitemap.php:42
Stack trace:
#0 /home/u902894566/domains/sagarstarters.com/public_html/sitemap.php(42): mysqli->query()
#1 {main}
  thrown in /home/u902894566/domains/sagarstarters.com/public_html/sitemap.php on line 42
[13-Jul-2026 20:25:18 Asia/Kolkata] PHP Fatal error:  Uncaught mysqli_sql_exception: Unknown column 'status' in 'WHERE' in /home/u902894566/domains/sagarstarters.com/public_html/sitemap.php:42
Stack trace:
#0 /home/u902894566/domains/sagarstarters.com/public_html/sitemap.php(42): mysqli->query()
#1 {main}
  thrown in /home/u902894566/domains/sagarstarters.com/public_html/sitemap.php on line 42
[13-Jul-2026 20:56:16 Asia/Kolkata] PHP Fatal error:  Uncaught mysqli_sql_exception: Unknown column 'status' in 'WHERE' in /home/u902894566/domains/sagarstarters.com/public_html/sitemap.php:42
Stack trace:
#0 /home/u902894566/domains/sagarstarters.com/public_html/sitemap.php(42): mysqli->query()
#1 {main}
  thrown in /home/u902894566/domains/sagarstarters.com/public_html/sitemap.php on line 42
[13-Jul-2026 21:15:45 Asia/Kolkata] PHP Fatal error:  Uncaught mysqli_sql_exception: Unknown column 'status' in 'WHERE' in /home/u902894566/domains/sagarstarters.com/public_html/sitemap.php:42
Stack trace:
#0 /home/u902894566/domains/sagarstarters.com/public_html/sitemap.php(42): mysqli->query()
#1 {main}
  thrown in /home/u902894566/domains/sagarstarters.com/public_html/sitemap.php on line 42
[13-Jul-2026 22:26:25 Asia/Kolkata] PHP Fatal error:  Uncaught mysqli_sql_exception: Unknown column 'status' in 'WHERE' in /home/u902894566/domains/sagarstarters.com/public_html/sitemap.php:42
Stack trace:
#0 /home/u902894566/domains/sagarstarters.com/public_html/sitemap.php(42): mysqli->query()
#1 {main}
  thrown in /home/u902894566/domains/sagarstarters.com/public_html/sitemap.php on line 42
[14-Jul-2026 02:41:48 Asia/Kolkata] PHP Fatal error:  Uncaught mysqli_sql_exception: Unknown column 'status' in 'WHERE' in /home/u902894566/domains/sagarstarters.com/public_html/sitemap.php:42
Stack trace:
#0 /home/u902894566/domains/sagarstarters.com/public_html/sitemap.php(42): mysqli->query()
#1 {main}
  thrown in /home/u902894566/domains/sagarstarters.com/public_html/sitemap.php on line 42
[14-Jul-2026 03:06:31 Asia/Kolkata] PHP Fatal error:  Uncaught mysqli_sql_exception: Unknown column 'status' in 'WHERE' in /home/u902894566/domains/sagarstarters.com/public_html/sitemap.php:42
Stack trace:
#0 /home/u902894566/domains/sagarstarters.com/public_html/sitemap.php(42): mysqli->query()
#1 {main}
  thrown in /home/u902894566/domains/sagarstarters.com/public_html/sitemap.php on line 42
[14-Jul-2026 06:07:30 Asia/Kolkata] PHP Fatal error:  Uncaught mysqli_sql_exception: Unknown column 'status' in 'WHERE' in /home/u902894566/domains/sagarstarters.com/public_html/sitemap.php:42
Stack trace:
#0 /home/u902894566/domains/sagarstarters.com/public_html/sitemap.php(42): mysqli->query()
#1 {main}
  thrown in /home/u902894566/domains/sagarstarters.com/public_html/sitemap.php on line 42
[14-Jul-2026 06:36:12 Asia/Kolkata] PHP Fatal error:  Uncaught mysqli_sql_exception: Unknown column 'status' in 'WHERE' in /home/u902894566/domains/sagarstarters.com/public_html/sitemap.php:42
Stack trace:
#0 /home/u902894566/domains/sagarstarters.com/public_html/sitemap.php(42): mysqli->query()
#1 {main}
  thrown in /home/u902894566/domains/sagarstarters.com/public_html/sitemap.php on line 42
[14-Jul-2026 08:24:40 Asia/Kolkata] PHP Fatal error:  Uncaught mysqli_sql_exception: Unknown column 'status' in 'WHERE' in /home/u902894566/domains/sagarstarters.com/public_html/sitemap.php:42
Stack trace:
#0 /home/u902894566/domains/sagarstarters.com/public_html/sitemap.php(42): mysqli->query()
#1 {main}
  thrown in /home/u902894566/domains/sagarstarters.com/public_html/sitemap.php on line 42
[14-Jul-2026 10:09:35 Asia/Kolkata] PHP Fatal error:  Uncaught mysqli_sql_exception: Unknown column 'status' in 'WHERE' in /home/u902894566/domains/sagarstarters.com/public_html/sitemap.php:42
Stack trace:
#0 /home/u902894566/domains/sagarstarters.com/public_html/sitemap.php(42): mysqli->query()
#1 {main}
  thrown in /home/u902894566/domains/sagarstarters.com/public_html/sitemap.php on line 42
[14-Jul-2026 11:16:41 Asia/Kolkata] PHP Fatal error:  Uncaught mysqli_sql_exception: Unknown column 'status' in 'WHERE' in /home/u902894566/domains/sagarstarters.com/public_html/sitemap.php:42
Stack trace:
#0 /home/u902894566/domains/sagarstarters.com/public_html/sitemap.php(42): mysqli->query()
#1 {main}
  thrown in /home/u902894566/domains/sagarstarters.com/public_html/sitemap.php on line 42
[14-Jul-2026 12:18:15 Asia/Kolkata] PHP Fatal error:  Uncaught mysqli_sql_exception: Unknown column 'status' in 'WHERE' in /home/u902894566/domains/sagarstarters.com/public_html/sitemap.php:42
Stack trace:
#0 /home/u902894566/domains/sagarstarters.com/public_html/sitemap.php(42): mysqli->query()
#1 {main}
  thrown in /home/u902894566/domains/sagarstarters.com/public_html/sitemap.php on line 42
[14-Jul-2026 13:00:21 Asia/Kolkata] PHP Fatal error:  Uncaught mysqli_sql_exception: Unknown column 'status' in 'WHERE' in /home/u902894566/domains/sagarstarters.com/public_html/sitemap.php:42
Stack trace:
#0 /home/u902894566/domains/sagarstarters.com/public_html/sitemap.php(42): mysqli->query()
#1 {main}
  thrown in /home/u902894566/domains/sagarstarters.com/public_html/sitemap.php on line 42
[14-Jul-2026 14:09:01 Asia/Kolkata] PHP Fatal error:  Uncaught mysqli_sql_exception: Unknown column 'status' in 'WHERE' in /home/u902894566/domains/sagarstarters.com/public_html/sitemap.php:42
Stack trace:
#0 /home/u902894566/domains/sagarstarters.com/public_html/sitemap.php(42): mysqli->query()
#1 {main}
  thrown in /home/u902894566/domains/sagarstarters.com/public_html/sitemap.php on line 42
[14-Jul-2026 16:17:54 Asia/Kolkata] PHP Fatal error:  Uncaught mysqli_sql_exception: Unknown column 'status' in 'WHERE' in /home/u902894566/domains/sagarstarters.com/public_html/sitemap.php:42
Stack trace:
#0 /home/u902894566/domains/sagarstarters.com/public_html/sitemap.php(42): mysqli->query()
#1 {main}
  thrown in /home/u902894566/domains/sagarstarters.com/public_html/sitemap.php on line 42
[14-Jul-2026 17:09:24 Asia/Kolkata] PHP Fatal error:  Uncaught mysqli_sql_exception: Unknown column 'status' in 'WHERE' in /home/u902894566/domains/sagarstarters.com/public_html/sitemap.php:42
Stack trace:
#0 /home/u902894566/domains/sagarstarters.com/public_html/sitemap.php(42): mysqli->query()
#1 {main}
  thrown in /home/u902894566/domains/sagarstarters.com/public_html/sitemap.php on line 42
[14-Jul-2026 17:18:34 Asia/Kolkata] PHP Fatal error:  Uncaught mysqli_sql_exception: Unknown column 'status' in 'WHERE' in /home/u902894566/domains/sagarstarters.com/public_html/sitemap.php:42
Stack trace:
#0 /home/u902894566/domains/sagarstarters.com/public_html/sitemap.php(42): mysqli->query()
#1 {main}
  thrown in /home/u902894566/domains/sagarstarters.com/public_html/sitemap.php on line 42
[14-Jul-2026 17:55:00 Asia/Kolkata] PHP Fatal error:  Uncaught mysqli_sql_exception: Unknown column 'status' in 'WHERE' in /home/u902894566/domains/sagarstarters.com/public_html/sitemap.php:42
Stack trace:
#0 /home/u902894566/domains/sagarstarters.com/public_html/sitemap.php(42): mysqli->query()
#1 {main}
  thrown in /home/u902894566/domains/sagarstarters.com/public_html/sitemap.php on line 42
[14-Jul-2026 18:16:03 Asia/Kolkata] PHP Fatal error:  Uncaught mysqli_sql_exception: Unknown column 'status' in 'WHERE' in /home/u902894566/domains/sagarstarters.com/public_html/sitemap.php:42
Stack trace:
#0 /home/u902894566/domains/sagarstarters.com/public_html/sitemap.php(42): mysqli->query()
#1 {main}
  thrown in /home/u902894566/domains/sagarstarters.com/public_html/sitemap.php on line 42
[14-Jul-2026 18:30:58 Asia/Kolkata] PHP Fatal error:  Uncaught mysqli_sql_exception: Unknown column 'status' in 'WHERE' in /home/u902894566/domains/sagarstarters.com/public_html/sitemap.php:42
Stack trace:
#0 /home/u902894566/domains/sagarstarters.com/public_html/sitemap.php(42): mysqli->query()
#1 {main}
  thrown in /home/u902894566/domains/sagarstarters.com/public_html/sitemap.php on line 42
[14-Jul-2026 19:07:30 Asia/Kolkata] PHP Fatal error:  Uncaught mysqli_sql_exception: Unknown column 'status' in 'WHERE' in /home/u902894566/domains/sagarstarters.com/public_html/sitemap.php:42
Stack trace:
#0 /home/u902894566/domains/sagarstarters.com/public_html/sitemap.php(42): mysqli->query()
#1 {main}
  thrown in /home/u902894566/domains/sagarstarters.com/public_html/sitemap.php on line 42
[14-Jul-2026 21:02:58 Asia/Kolkata] PHP Fatal error:  Uncaught mysqli_sql_exception: Unknown column 'status' in 'WHERE' in /home/u902894566/domains/sagarstarters.com/public_html/sitemap.php:42
Stack trace:
#0 /home/u902894566/domains/sagarstarters.com/public_html/sitemap.php(42): mysqli->query()
#1 {main}
  thrown in /home/u902894566/domains/sagarstarters.com/public_html/sitemap.php on line 42
[14-Jul-2026 23:00:04 Asia/Kolkata] PHP Fatal error:  Uncaught mysqli_sql_exception: Unknown column 'status' in 'WHERE' in /home/u902894566/domains/sagarstarters.com/public_html/sitemap.php:42
Stack trace:
#0 /home/u902894566/domains/sagarstarters.com/public_html/sitemap.php(42): mysqli->query()
#1 {main}
  thrown in /home/u902894566/domains/sagarstarters.com/public_html/sitemap.php on line 42
[15-Jul-2026 00:14:43 Asia/Kolkata] PHP Fatal error:  Uncaught mysqli_sql_exception: Unknown column 'status' in 'WHERE' in /home/u902894566/domains/sagarstarters.com/public_html/sitemap.php:42
Stack trace:
#0 /home/u902894566/domains/sagarstarters.com/public_html/sitemap.php(42): mysqli->query()
#1 {main}
  thrown in /home/u902894566/domains/sagarstarters.com/public_html/sitemap.php on line 42
[15-Jul-2026 02:06:03 Asia/Kolkata] PHP Fatal error:  Uncaught mysqli_sql_exception: Unknown column 'status' in 'WHERE' in /home/u902894566/domains/sagarstarters.com/public_html/sitemap.php:42
Stack trace:
#0 /home/u902894566/domains/sagarstarters.com/public_html/sitemap.php(42): mysqli->query()
#1 {main}
  thrown in /home/u902894566/domains/sagarstarters.com/public_html/sitemap.php on line 42
[15-Jul-2026 03:13:14 Asia/Kolkata] PHP Fatal error:  Uncaught mysqli_sql_exception: Unknown column 'status' in 'WHERE' in /home/u902894566/domains/sagarstarters.com/public_html/sitemap.php:42
Stack trace:
#0 /home/u902894566/domains/sagarstarters.com/public_html/sitemap.php(42): mysqli->query()
#1 {main}
  thrown in /home/u902894566/domains/sagarstarters.com/public_html/sitemap.php on line 42
[15-Jul-2026 04:20:11 Asia/Kolkata] PHP Fatal error:  Uncaught mysqli_sql_exception: Unknown column 'status' in 'WHERE' in /home/u902894566/domains/sagarstarters.com/public_html/sitemap.php:42
Stack trace:
#0 /home/u902894566/domains/sagarstarters.com/public_html/sitemap.php(42): mysqli->query()
#1 {main}
  thrown in /home/u902894566/domains/sagarstarters.com/public_html/sitemap.php on line 42
[15-Jul-2026 05:16:26 Asia/Kolkata] PHP Fatal error:  Uncaught mysqli_sql_exception: Unknown column 'status' in 'WHERE' in /home/u902894566/domains/sagarstarters.com/public_html/sitemap.php:42
Stack trace:
#0 /home/u902894566/domains/sagarstarters.com/public_html/sitemap.php(42): mysqli->query()
#1 {main}
  thrown in /home/u902894566/domains/sagarstarters.com/public_html/sitemap.php on line 42
[15-Jul-2026 06:09:30 Asia/Kolkata] PHP Fatal error:  Uncaught mysqli_sql_exception: Unknown column 'status' in 'WHERE' in /home/u902894566/domains/sagarstarters.com/public_html/sitemap.php:42
Stack trace:
#0 /home/u902894566/domains/sagarstarters.com/public_html/sitemap.php(42): mysqli->query()
#1 {main}
  thrown in /home/u902894566/domains/sagarstarters.com/public_html/sitemap.php on line 42
[15-Jul-2026 07:28:46 Asia/Kolkata] PHP Fatal error:  Uncaught mysqli_sql_exception: Unknown column 'status' in 'WHERE' in /home/u902894566/domains/sagarstarters.com/public_html/sitemap.php:42
Stack trace:
#0 /home/u902894566/domains/sagarstarters.com/public_html/sitemap.php(42): mysqli->query()
#1 {main}
  thrown in /home/u902894566/domains/sagarstarters.com/public_html/sitemap.php on line 42
[15-Jul-2026 09:26:42 Asia/Kolkata] PHP Fatal error:  Uncaught mysqli_sql_exception: Unknown column 'status' in 'WHERE' in /home/u902894566/domains/sagarstarters.com/public_html/sitemap.php:42
Stack trace:
#0 /home/u902894566/domains/sagarstarters.com/public_html/sitemap.php(42): mysqli->query()
#1 {main}
  thrown in /home/u902894566/domains/sagarstarters.com/public_html/sitemap.php on line 42
[15-Jul-2026 11:22:56 Asia/Kolkata] PHP Fatal error:  Uncaught mysqli_sql_exception: Unknown column 'status' in 'WHERE' in /home/u902894566/domains/sagarstarters.com/public_html/sitemap.php:42
Stack trace:
#0 /home/u902894566/domains/sagarstarters.com/public_html/sitemap.php(42): mysqli->query()
#1 {main}
  thrown in /home/u902894566/domains/sagarstarters.com/public_html/sitemap.php on line 42
[15-Jul-2026 12:08:55 Asia/Kolkata] PHP Fatal error:  Uncaught mysqli_sql_exception: Unknown column 'status' in 'WHERE' in /home/u902894566/domains/sagarstarters.com/public_html/sitemap.php:42
Stack trace:
#0 /home/u902894566/domains/sagarstarters.com/public_html/sitemap.php(42): mysqli->query()
#1 {main}
  thrown in /home/u902894566/domains/sagarstarters.com/public_html/sitemap.php on line 42
[15-Jul-2026 13:14:55 Asia/Kolkata] PHP Fatal error:  Uncaught mysqli_sql_exception: Unknown column 'status' in 'WHERE' in /home/u902894566/domains/sagarstarters.com/public_html/sitemap.php:42
Stack trace:
#0 /home/u902894566/domains/sagarstarters.com/public_html/sitemap.php(42): mysqli->query()
#1 {main}
  thrown in /home/u902894566/domains/sagarstarters.com/public_html/sitemap.php on line 42
[28-Jul-2026 06:56:15 Europe/Berlin] PHP Fatal error:  Uncaught mysqli_sql_exception: Access denied for user 'u902894566_eComstore'@'localhost' (using password: YES) in C:\xampp\htdocs\SagarSite\includes\db_connect.php:30
Stack trace:
#0 C:\xampp\htdocs\SagarSite\includes\db_connect.php(30): mysqli->__construct('localhost', 'u902894566_eCom...', Object(SensitiveParameterValue), 'u902894566_eCom...', 3306)
#1 C:\xampp\htdocs\SagarSite\includes\header.php(5): include('C:\\xampp\\htdocs...')
#2 C:\xampp\htdocs\SagarSite\index.php(2): include('C:\\xampp\\htdocs...')
#3 {main}
  thrown in C:\xampp\htdocs\SagarSite\includes\db_connect.php on line 30
[28-Jul-2026 10:26:50 Asia/Kolkata] PHP Fatal error:  Uncaught mysqli_sql_exception: Table 'ecommerce_db.testimonials' doesn't exist in C:\xampp\htdocs\SagarSite\includes\homepage-testimonials.php:14
Stack trace:
#0 C:\xampp\htdocs\SagarSite\includes\homepage-testimonials.php(14): mysqli->query('SELECT * FROM t...')
#1 C:\xampp\htdocs\SagarSite\index.php(68): include('C:\\xampp\\htdocs...')
#2 {main}
  thrown in C:\xampp\htdocs\SagarSite\includes\homepage-testimonials.php on line 14
[29-Jul-2026 09:12:56 Asia/Kolkata] PHP Fatal error:  Uncaught mysqli_sql_exception: Unknown column 'id' in 'field list' in C:\xampp\htdocs\SagarSite\scratch\check_images.php:8
Stack trace:
#0 C:\xampp\htdocs\SagarSite\scratch\check_images.php(8): mysqli->query('SELECT id, sett...')
#1 C:\xampp\htdocs\SagarSite\scratch\check_images.php(45): checkTableImages(Object(mysqli), 'settings', 'setting_value')
#2 {main}
  thrown in C:\xampp\htdocs\SagarSite\scratch\check_images.php on line 8
